type,name,module,path,hash
"yaml","manifest","_config","_config/manifest.yaml","80bd9f89919a48dda5ae8be1df7047283fc5f0c622ef8b367356f0cc9870f76f"
"csv","module-help","automator","automator/module-help.csv","dc252e3fc010927699f8a62a466b4f842362ee47995b370c8190d110f949f370"
"file","LICENSE","automator","automator/bmad-story-automator/LICENSE","9996844edcb5b44b00645c0753bdb25ca7af86a035a1484df8cb6789ac2893f9"
"file","story-automator","automator","automator/bmad-story-automator/scripts/story-automator","270ba143dce6f3bd65d638c0df333ce4fd8fe47c57da83c70f65b7e713d440ae"
"json","agent-config-presets","automator","automator/bmad-story-automator/data/agent-config-presets.json","80032d59ad310076c25b1dfb5296571df898b744b8cf510f297b25207fa50d79"
"json","auto","automator","automator/bmad-story-automator/data/parse/auto.json","4e3e3d87398efe672df12481fbc1d9e0af5c55d230dd2776980a714b6272db18"
"json","complexity-rules","automator","automator/bmad-story-automator/data/complexity-rules.json","ca75e6a330281b655145eb73499f12c3b1b6b2c2eb0e2f8a503c83cfaca4154b"
"json","contract","automator","automator/bmad-story-automator-review/contract.json","1529aecec29e9b715d5fa8b2987a1cd86cc68e98169b83557d930cd301e31c38"
"json","create","automator","automator/bmad-story-automator/data/parse/create.json","bc7501be6e046fa6ece93136ba465abc4f9da97d2a0e0fd12dff3e57706c53af"
"json","dev","automator","automator/bmad-story-automator/data/parse/dev.json","569474b27f4ec5abd1b42bdf9aa96dcf7445ec1609161c15df7ebf91c8e4b9e9"
"json","orchestration-policy","automator","automator/bmad-story-automator/data/orchestration-policy.json","b678b103736908853d9dd8f819af3a5e86e966576f3fa5cce5cd4c0dd99df966"
"json","retro","automator","automator/bmad-story-automator/data/parse/retro.json","f1e0d8d995122a24b257e32edbc94d80fb109a9a89495d92cf92d79bd6ca7f8b"
"json","review","automator","automator/bmad-story-automator/data/parse/review.json","17bebfecbabc1e5f4c752d2fb653dc5b2b9aa7a2dfbd9adbc0abc16a133cc480"
"md","adaptive-retry","automator","automator/bmad-story-automator/data/adaptive-retry.md","cef69bb4b690c9979b08668ac41e58fc3d37f5a5ed9b23c1b30997f696ee3122"
"md","agent-config-prompts","automator","automator/bmad-story-automator/data/agent-config-prompts.md","c9762649bfb4ef4e09e890e9f29b532809068abb6ac0fb5454e7dae8f4469dfd"
"md","agent-fallback","automator","automator/bmad-story-automator/data/agent-fallback.md","5b081edfac759b237df33c6632f39a47c5d9b41dff0d5f58d75219a154a3e143"
"md","agent-fallback-troubleshooting","automator","automator/bmad-story-automator/data/agent-fallback-troubleshooting.md","f98fa6d87a3bce9bafdfc469c062f6555a2a3638f54904008a56b1fa57b8a927"
"md","auto","automator","automator/bmad-story-automator/data/prompts/auto.md","dbe61f3c546a643cc2a31393d171214e05d0dbafc9d07961855b4e08efb532e5"
"md","checklist","automator","automator/bmad-story-automator-review/checklist.md","e30d2890ba5c50777bbe04071f754e975a1d7ec168501f321a79169c4201dd28"
"md","code-review-loop","automator","automator/bmad-story-automator/data/code-review-loop.md","bb12c2e2732c2f5a4f1b5fcc02c52fd2fa968c4b26221705dc4d473c6b0ef25f"
"md","complexity-scoring","automator","automator/bmad-story-automator/data/complexity-scoring.md","28f68cd0e423a305b8f34a5dc16a4e6a3063f9f9b9eb6e58bfa48f1106c764d4"
"md","crash-recovery","automator","automator/bmad-story-automator/data/crash-recovery.md","33f4e177a19264c7d069b8d3c4679cf63969907333fd2d1a407a13017acda072"
"md","create","automator","automator/bmad-story-automator/data/prompts/create.md","3ccb62fbecaa5d41aa879c7cb14d91f4f7c63342706f87f4f522ef48aa85a3c4"
"md","data-file-index","automator","automator/bmad-story-automator/data/data-file-index.md","aa8245977610e67513cd7a24d6ac4d7ecd3802b58143724083abbdffac7d6eca"
"md","dev","automator","automator/bmad-story-automator/data/prompts/dev.md","3ad4c5176d6dcef5e4f88e6b9ed8a5fafbaebbddfdd32d013bceb33a3c05de2c"
"md","escalation-messages","automator","automator/bmad-story-automator/data/escalation-messages.md","7087781dc2fe3e97f0bd5fe6cd892044adde78b960307af1f0e0c2a69745af83"
"md","escalation-messages-core","automator","automator/bmad-story-automator/data/escalation-messages-core.md","e987a9b0aa1db856750a2966593573a44e9356ac682b04273b22fa9d9375c810"
"md","escalation-messages-extended","automator","automator/bmad-story-automator/data/escalation-messages-extended.md","3182ffb0a67b2db2c1aafbd3af29dfe087ede4439bd4e6e3e5e9b0f0118a370f"
"md","escalation-triggers","automator","automator/bmad-story-automator/data/escalation-triggers.md","277037ecabfaa7a516840ff2c3617c8021ad8ddd5876e33a72ffb385af5e0fbe"
"md","execution-patterns","automator","automator/bmad-story-automator/data/execution-patterns.md","b86820a82320a0c9e570ad9a46d4756de6842f5fc6f658ec5e404d7a7bd85be8"
"md","marker-file-format","automator","automator/bmad-story-automator/data/marker-file-format.md","14fcd7e8d5fe6c9290dfbb725a7971c2f2e403bcc07b28ab9b1b4bfa41966e4f"
"md","monitoring-codex","automator","automator/bmad-story-automator/data/monitoring-codex.md","9c548831e79373fda47db803ae4a054ded09db6ea9c44c26037d4a7da0d4a6d3"
"md","monitoring-fallback","automator","automator/bmad-story-automator/data/monitoring-fallback.md","79d6739034c0c5e7859f1fd88e35cea814e26373d7e8374703acc0688d700822"
"md","monitoring-pattern","automator","automator/bmad-story-automator/data/monitoring-pattern.md","903851c47b3a948730f43241155665604e166b97ec929724391f80ba28a89586"
"md","monitoring-pattern-parsing","automator","automator/bmad-story-automator/data/monitoring-pattern-parsing.md","80b68dc9eafb48b6f803a0129cdd73524808c2a1a48fce11b7d58ce18c20a271"
"md","orchestrator-rules","automator","automator/bmad-story-automator/data/orchestrator-rules.md","d46a6eb408a4265cb97e4a171ce9d79c9f7365dbd82e7684db86dfbaf61d9352"
"md","orchestrator-rules-appendix","automator","automator/bmad-story-automator/data/orchestrator-rules-appendix.md","0f49697cb1d65951e6c9d811288611437676788022745598ecd4931e52719973"
"md","preflight-prompts","automator","automator/bmad-story-automator/data/preflight-prompts.md","f0651d0bdcf8f350c7b1392c1e51ed3e5da7acb5d53924a4084c494f4a493d73"
"md","preflight-requirements","automator","automator/bmad-story-automator/data/preflight-requirements.md","7a48f89bcad4f491f5415201b8f22f7a8f2eccd6e6854c3180238b623faf17b3"
"md","README","automator","automator/bmad-story-automator/README.md","ff77d612ac477f561f1d9f3a981ccf14be9a747431b73a96e5269d7116e2eaf4"
"md","report-retention-policy","automator","automator/bmad-story-automator/data/report-retention-policy.md","6e4a0c4eacec999ce6b757660a067ddeb4c370476fd6a21d6ed50f5df87a684c"
"md","retro","automator","automator/bmad-story-automator/data/prompts/retro.md","07688dd2c5403806d0a969f06242d27c71c584ea4c3b178b9135b7dbfdd53737"
"md","retrospective-automation","automator","automator/bmad-story-automator/data/retrospective-automation.md","b98ce1a9badeb22a1d0c1771cc489f20e4c301621006bf82654fc7ffe8365bcf"
"md","retrospective-doc-verification","automator","automator/bmad-story-automator/data/retrospective-doc-verification.md","1b367cc6701198e4cfa33551ba6fb745490fcd9dd3f23ad4ef731d946e2a64ad"
"md","retrospective-prompts","automator","automator/bmad-story-automator/data/retrospective-prompts.md","286339d7901bc4710c3319ae7ccc0129368aad105e63e397e19b37b598b5c78c"
"md","retry-fallback-implementation","automator","automator/bmad-story-automator/data/retry-fallback-implementation.md","f6770cbe346536762e832945a0b8fd0c353001058a5ef165a117adf4b9caa829"
"md","retry-fallback-strategy","automator","automator/bmad-story-automator/data/retry-fallback-strategy.md","1eb4ee3d8319d757e6383bc5d444baaad908b303f808c1d68f2c82618a129509"
"md","review","automator","automator/bmad-story-automator/data/prompts/review.md","a5554a07eaa168af8b0254d12a457f2d88a8834b5af832483ca3be18fee94c4c"
"md","scripts-reference","automator","automator/bmad-story-automator/data/scripts-reference.md","169dda465d254c728211a1f073fde4c7618ee03a2fd5ed5669d77edee3ac4fc9"
"md","SKILL","automator","automator/bmad-story-automator/SKILL.md","fc798f046d5e0f7a0796053999f05148be3fa4639d39f3ea571b041d28d33ef4"
"md","SKILL","automator","automator/bmad-story-automator-review/SKILL.md","74318c6c669609547b78ff6452daaea24eed4d90698e5aa3336558711104e63b"
"md","state-document","automator","automator/bmad-story-automator/templates/state-document.md","caded42b14bee5b88bce228f4dfce867332b2c2ef620b91dde1bef8f3c9ed597"
"md","step-01-init","automator","automator/bmad-story-automator/steps-c/step-01-init.md","28012971a638211ac1ccbc3defa6fbb9aeacad3db9f01c34e16e4b104a893f4a"
"md","step-01b-continue","automator","automator/bmad-story-automator/steps-c/step-01b-continue.md","628b311bb877b345ccc0ec8a661c6e09a58e5b2ea32d32335a8725568e1b9d1c"
"md","step-02-preflight","automator","automator/bmad-story-automator/steps-c/step-02-preflight.md","e108a3c17b60fd3fb2b5f2877cbee41c62f2d43ccb9602e3adff628cdb0a9ce1"
"md","step-02a-preflight-config","automator","automator/bmad-story-automator/steps-c/step-02a-preflight-config.md","05c93034bec4e992533a8921de540e80cb37e9fa49a52d286d1ec86c824d50bb"
"md","step-02b-preflight-finalize","automator","automator/bmad-story-automator/steps-c/step-02b-preflight-finalize.md","9cab6a33e7f69b173a4b1f6e28ab2e2764bab80dc79a71fc10ad928cc8319c18"
"md","step-03-execute","automator","automator/bmad-story-automator/steps-c/step-03-execute.md","db0c334aeac6fd426824e2ba2b7bcc0b5240d34f04b39547034ffce5e21cf5d4"
"md","step-03a-execute-review","automator","automator/bmad-story-automator/steps-c/step-03a-execute-review.md","7b12266c22d5e8221e466a40982d4874289b463ef8731ecceb11ed5019937d15"
"md","step-03b-execute-finish","automator","automator/bmad-story-automator/steps-c/step-03b-execute-finish.md","bcc9cd384034c1d685ef8a2b20b821ee4f09cf1d3ac067d224b330d5b7cc5ce9"
"md","step-03c-execute-complete","automator","automator/bmad-story-automator/steps-c/step-03c-execute-complete.md","68726f6cd04b25517d03f17186029027a14fbe73bb00fb350210c26bc5777d79"
"md","step-04-wrapup","automator","automator/bmad-story-automator/steps-c/step-04-wrapup.md","5104cefbd0281587a154ddd2b51db6e5bb41e80875e2c7cdb4d35ac07ba0119f"
"md","step-e-01-load","automator","automator/bmad-story-automator/steps-e/step-e-01-load.md","96bdcd02037894fcf2d6950af214c5cae9742d4cab65006ab7651520cf1b90b6"
"md","step-v-01-check","automator","automator/bmad-story-automator/steps-v/step-v-01-check.md","626f462a2119da35a94273eb53f2a915a8e2c747e29b43c44206ebc02c9d212c"
"md","step-v-02-report","automator","automator/bmad-story-automator/steps-v/step-v-02-report.md","1c8c5c3e0130f146a606fa730d332d925f3df31f509a48ac7e0ecae3a63c6710"
"md","stop-hook-config","automator","automator/bmad-story-automator/data/stop-hook-config.md","464fc5e74f04f798f885069bc16a84e447d4fcacab9a2b57763579ab7246393c"
"md","stop-hook-recovery","automator","automator/bmad-story-automator/data/stop-hook-recovery.md","ff9a9e806c46c6a94d2d72ce41623730c2c0e3559b091138cc1f0350f4a69f2f"
"md","stop-hook-troubleshooting","automator","automator/bmad-story-automator/data/stop-hook-troubleshooting.md","7f2eab98b8b0849f40a94ec966389be260aff2ce42afe05d5c807228667256bf"
"md","subagent-prompts","automator","automator/bmad-story-automator/data/subagent-prompts.md","c9d143a7cbeb46a4a98e6d3e1aecb9382ce36d6819cf44d60c9505ee00c3ccaf"
"md","subagent-prompts-analysis","automator","automator/bmad-story-automator/data/subagent-prompts-analysis.md","55c8e2d73560ee889c24a20bd4407bce1e0c9ffb1e258de340a9ef113bfb8f6d"
"md","success-patterns","automator","automator/bmad-story-automator/data/success-patterns.md","c03f65d82ed4ceaaa066e377f122f89486275eb5489fcbc3fffc4c37f1882aa3"
"md","tmux-commands","automator","automator/bmad-story-automator/data/tmux-commands.md","be8732a1d96b0f31621a219bd63f5cad80d56993c372d5344abc2d1dfdf3d03f"
"md","tmux-long-command-debugging","automator","automator/bmad-story-automator/data/tmux-long-command-debugging.md","2b1f4a18ab0f6ac963455fb0a2451dbb92e171394ac7298011484c02729c0be7"
"md","tmux-long-command-testing","automator","automator/bmad-story-automator/data/tmux-long-command-testing.md","6c8a510de577daaaf92fe2b2c5b8a0eb7e3db1c8f21f30ba609efab85d6fa83e"
"md","workflow","automator","automator/bmad-story-automator/workflow.md","68065ef09f0f9b6a2dffcc03da54018edfa8fc118ce2f7b6ba63b12afd0fd3d5"
"md","workflow-commands","automator","automator/bmad-story-automator/data/workflow-commands.md","02ce0771ecee740076eec8da86e2a68301f74ae578d19877c0dc07bff75465b6"
"md","wrapup-templates","automator","automator/bmad-story-automator/data/wrapup-templates.md","bc888cee1578e0b637570495172ea6390911d308c48db1b7aab5e37241cf215c"
"py","__init__","automator","automator/bmad-story-automator/src/story_automator/__init__.py","fb72e195b66f77eb4577f80a9e35baa8b9a91019a4321ab70c0587175f404dc8"
"py","__init__","automator","automator/bmad-story-automator/src/story_automator/commands/__init__.py","05e72a03c15981c3190feb37ea2bd1bf06e2a01470c2e12f569b46540767d5bd"
"py","__main__","automator","automator/bmad-story-automator/src/story_automator/__main__.py","3d2438ae92f4746e9ffaa1f837b1fe803f6281091d1f31f8c95643716f257d9a"
"py","agent_config","automator","automator/bmad-story-automator/src/story_automator/core/agent_config.py","a47e4851199eaded4e23eb8397b708fa12dd4a65c9a5c93169f26c0ca3c88889"
"py","agent_config_cmd","automator","automator/bmad-story-automator/src/story_automator/commands/agent_config_cmd.py","ce7e0fd7825bb39e6bbd99a1c8042368578be04d251c3e146fa609a733767eb7"
"py","artifact_paths","automator","automator/bmad-story-automator/src/story_automator/core/artifact_paths.py","d5ab24ee647c6e274536f3c99eb4d4fb43f49a20137cf06c5f88f559d3625615"
"py","basic","automator","automator/bmad-story-automator/src/story_automator/commands/basic.py","49df30e417a09231b05b59f370564021374bfb6c60eedc6b1ebb00844f2f04b4"
"py","cli","automator","automator/bmad-story-automator/src/story_automator/cli.py","2e32a2ea1d5511c7159758090bcfa4746a80db2f25869eac875941f239a59b66"
"py","common","automator","automator/bmad-story-automator/src/story_automator/core/common.py","416b3893bc3b4f4643e0cf61c4f4c27ffbf7d24d3749a9b09d7eb8355b5e3f89"
"py","epic_parser","automator","automator/bmad-story-automator/src/story_automator/core/epic_parser.py","11a48d0147a42b26703de70aa3511928e9e5b88dec866d509a17b2f21a83cbb1"
"py","frontmatter","automator","automator/bmad-story-automator/src/story_automator/core/frontmatter.py","1394f4bb6393fc1576fedcd8afd83e3cd3b87aa21e2e7d307ca11f40706b0d3c"
"py","orchestrator","automator","automator/bmad-story-automator/src/story_automator/commands/orchestrator.py","ca685d08af9acbcb8a11f07c31b41e4e780edc43ed633e15cb710b0c87c11d77"
"py","orchestrator_epic_agents","automator","automator/bmad-story-automator/src/story_automator/commands/orchestrator_epic_agents.py","255b90652bcb5d9e00860cdc8f17cdd5847efd3e490069b2d74266ae897e9263"
"py","orchestrator_parse","automator","automator/bmad-story-automator/src/story_automator/commands/orchestrator_parse.py","baab389b379e86c9630aa86cb12d77aa31f16f5cff3b31c39999ddffe2d92c49"
"py","prompt_rendering","automator","automator/bmad-story-automator/src/story_automator/core/prompt_rendering.py","157ffff7b976aea7ddb675efdee198871e0a84873c3c77029a7c4a6bb404484a"
"py","review_verify","automator","automator/bmad-story-automator/src/story_automator/core/review_verify.py","d0c816851711d34017af236be50557ea0fb127842601c96748cc72679bd07eff"
"py","runtime_layout","automator","automator/bmad-story-automator/src/story_automator/core/runtime_layout.py","376eee9e09e762f2a9b053f01bc071fc6d5c6923a495afce08b41956ca31456b"
"py","runtime_policy","automator","automator/bmad-story-automator/src/story_automator/core/runtime_policy.py","0fd4ab77db10e1d5d8064a8ef5ecb7cf934570c54a9e06c5db61b6c93884b027"
"py","sprint","automator","automator/bmad-story-automator/src/story_automator/core/sprint.py","3c88ec46b2447424e9d12b2932ab5c3e8f9c2c81420c8f5349455f024a7d5514"
"py","state","automator","automator/bmad-story-automator/src/story_automator/commands/state.py","66b43313f9bca08666c9c775d5938e9d78fcd14b1ee823845c5a89b5c7b3810d"
"py","stop_hooks","automator","automator/bmad-story-automator/src/story_automator/core/stop_hooks.py","85e06156d2f00e68564071c26c567e7104ab762920073979a36200a1e2c38dbc"
"py","story_keys","automator","automator/bmad-story-automator/src/story_automator/core/story_keys.py","e5bf2d0b74fa47ff85daed7883205ac27508ab1aaa0a1493442bee2b2d825ba8"
"py","success_verifiers","automator","automator/bmad-story-automator/src/story_automator/core/success_verifiers.py","5704119093a37d9aed590f101bc242151dcb90a04af2d21ed43bee4b8ca870ff"
"py","tmux","automator","automator/bmad-story-automator/src/story_automator/adapters/tmux.py","d9c468f1ca01fa85b1b7e0401906a7719f73340ea2a5f0cb3747f365c0057a9c"
"py","tmux","automator","automator/bmad-story-automator/src/story_automator/commands/tmux.py","00cd19d71c995a4b299ba4476a28941f9bebe98cfd7d3d23c5c59be562599689"
"py","tmux_runtime","automator","automator/bmad-story-automator/src/story_automator/core/tmux_runtime.py","99979bde55a084e643ee5881a5df008f14f7acd13e2807d5873a0612b08a3d6b"
"py","utils","automator","automator/bmad-story-automator/src/story_automator/core/utils.py","d5307fd488963d09273a62a3b54f19561c1df02ca29038e3088c07d8614a57ab"
"py","validate_story_creation","automator","automator/bmad-story-automator/src/story_automator/commands/validate_story_creation.py","bbff48ad4c10823502cbdec531cfc2dd950e3f6a5eb8b54c4a6ddd8082920488"
"py","workflow_paths","automator","automator/bmad-story-automator/src/story_automator/core/workflow_paths.py","d00ea440107328ea882afc4686ca8182e6fbd1dd8545832829fd131af2f91bbb"
"toml","pyproject","automator","automator/bmad-story-automator/pyproject.toml","c81f23d1956b7cc4e311b20eb60d8b37169db2eea6194b56d1d3163f083f3974"
"xml","instructions","automator","automator/bmad-story-automator-review/instructions.xml","c6b4fd10594e533716c5b8631813e84309988213aa997a46825c8e878e841c5d"
"yaml","config","automator","automator/config.yaml","9d2f6b87f1ba23203d20f23aeec82dde40c7ffe75a099cfe3b9587c8129eff72"
"yaml","workflow","automator","automator/bmad-story-automator-review/workflow.yaml","ec6973fa4399c82cb99760d146174311da0e2f9d08abd44792f0da17646e4f75"
"csv","module-help","bmb","bmb/bmad-bmb-setup/assets/module-help.csv","b020c8e50d17320ed661bd50d67829bf4b9602ed3db69565f1c1dd2cc92fb8f3"
"csv","module-help","bmb","bmb/bmad-module-builder/assets/setup-skill-template/assets/module-help.csv","c1b5f6c5aed4c2367d9def8e564b81a56a2da2959a4899333113033e36b69e62"
"csv","module-help","bmb","bmb/module-help.csv","fe5c030134a6019d6a8c9e609ca6c196cd5f469aac8b9711145257a966f14b7e"
"file","Dockerfile","bmb","bmb/bmad-eval-runner/assets/Dockerfile","510c6c0b6aca8e78845ea836fa17e65d1a15babdf10f397a7dc62ed8b08a479d"
"md","agent-type-guidance","bmb","bmb/bmad-agent-builder/references/agent-type-guidance.md","48effe173e706b06d282e20506e491f7df94491c6b8e1fdb3e5b440d821c69dd"
"md","BOND-template","bmb","bmb/bmad-agent-builder/assets/BOND-template.md","6b6a6b6db52868f5d4b4de39e529a0c1a63a0e7776645ebeb21cda88ea510237"
"md","build-process","bmb","bmb/bmad-agent-builder/references/build-process.md","b90c551c7a5116201d717a001e5c27586678b85f11a55190814461ffe8344a41"
"md","build-process","bmb","bmb/bmad-workflow-builder/references/build-process.md","3982dc38729df44c5b2eaf02b7c203db95376bb7618591a6cdfa155a87830416"
"md","CAPABILITIES-template","bmb","bmb/bmad-agent-builder/assets/CAPABILITIES-template.md","ba2fd4b7383e31daff76ce4495c8e200d833850c86ee2b567e091cdb9124efc1"
"md","capability-authoring-template","bmb","bmb/bmad-agent-builder/assets/capability-authoring-template.md","d03139cdecffc83b39cea0cae1475a5a137d6232b4c05914fa887199ea7585d7"
"md","complex-workflow-patterns","bmb","bmb/bmad-workflow-builder/references/complex-workflow-patterns.md","091be238318a463fa95e4e5867a34e936f1dcfe3b8128355b46bcba8bc165564"
"md","create-module","bmb","bmb/bmad-module-builder/references/create-module.md","66949ddae75a4619262f9caaeaa429fb2d5f7c83ee325ff317d59b392a995949"
"md","CREED-template","bmb","bmb/bmad-agent-builder/assets/CREED-template.md","da933b50395ff440ea726ff7c38ed8dccd759c1ac33cf310b2952c23edcf2b17"
"md","edit-guidance","bmb","bmb/bmad-agent-builder/references/edit-guidance.md","76db92dc6e9cfc0ab99fff46075fb418311f5f278d924943ab90224d7fc7c71f"
"md","eval-formats","bmb","bmb/bmad-eval-runner/references/eval-formats.md","d00e8206ceca6f83ba0ac0638002adf9a54e3a7aa8033b70be7f07edae5e2016"
"md","first-breath-adaptation-guidance","bmb","bmb/bmad-agent-builder/references/first-breath-adaptation-guidance.md","69755aca7e5ad4dcf05c092d9d1b330857a7b8cb93f3feec1e5452520b5599a6"
"md","first-breath-config-template","bmb","bmb/bmad-agent-builder/assets/first-breath-config-template.md","e2e7260450bd96ef95708c29fa07817bc08886424ad984df3e19adb430c8c009"
"md","first-breath-template","bmb","bmb/bmad-agent-builder/assets/first-breath-template.md","cb187f140b2d8d590bfdb341518a9110b3f21605e002e36675b673eea1195949"
"md","grader","bmb","bmb/bmad-eval-runner/agents/grader.md","a686f5b31c227f50797412f8c5facf4e63bc44fef55c4d011586b3228fdd409a"
"md","ideate-module","bmb","bmb/bmad-module-builder/references/ideate-module.md","d173a9c9d19095835d92b3fb269a198fab34378ed14dbf72ee6f503a5ffd00b3"
"md","INDEX-template","bmb","bmb/bmad-agent-builder/assets/INDEX-template.md","8b73dc1a25711967c350050fc517c3d18c4c555ef5be06d07a20cde1a7287814"
"md","isolation","bmb","bmb/bmad-eval-runner/references/isolation.md","0f8756b2a616abd301f5e044eee7f62d2ef34d187c900aa83cb354e1256dd5d1"
"md","memory-guidance-template","bmb","bmb/bmad-agent-builder/assets/memory-guidance-template.md","1c01b65ed84440767ad9766ef36686f26c5d648333387a244f609f0da72f986e"
"md","MEMORY-template","bmb","bmb/bmad-agent-builder/assets/MEMORY-template.md","17527537efa3dbeff1fb5faa0e24f211490aa3e40b3dc75f9361c9ad8ff74b6d"
"md","mission-writing-guidance","bmb","bmb/bmad-agent-builder/references/mission-writing-guidance.md","5d355a2415e17975d8b1a9764e83615bb14a22dd1388efb838c7ed7511358896"
"md","module-plan-template","bmb","bmb/bmad-module-builder/assets/module-plan-template.md","1ab3311c310cc7127f9d227d7904f1e5f73f956593370c892e5cba0ae5df830e"
"md","module-setup","bmb","bmb/bmad-module-builder/assets/standalone-module-template/module-setup.md","be8bdd2d6b6497e0ff560eb7846a3013067351560a073068e25e2f4486189d4b"
"md","PERSONA-template","bmb","bmb/bmad-agent-builder/assets/PERSONA-template.md","0b0d7fb452894a8d95c4f6a0b5e36eefa8c8927fb9756817e43afa46fd8bf528"
"md","PULSE-template","bmb","bmb/bmad-agent-builder/assets/PULSE-template.md","57a34b519a7c3bc6bed055cbdb223fae16273a3e44866768c918ecbe983df744"
"md","quality-analysis","bmb","bmb/bmad-agent-builder/references/quality-analysis.md","fb29735274d3cce467466888cc58f0e2232a704580dd6f997f037ab820c44b2a"
"md","quality-analysis","bmb","bmb/bmad-workflow-builder/references/quality-analysis.md","9df50bf76bb2e41da0ff69ebb061eb1d0d6ff8ffc20f289755375508ccdd9350"
"md","quality-dimensions","bmb","bmb/bmad-agent-builder/references/quality-dimensions.md","baa27eb6c795d6a30030e7082495d7d1b56186f7b1b96041c554cb88278d609f"
"md","quality-scan-agent-cohesion","bmb","bmb/bmad-agent-builder/references/quality-scan-agent-cohesion.md","3ed382e1ca5188b369e44d3ca3f7e35c7d74eef8de26ef7bd29e316e4625bb13"
"md","quality-scan-architecture","bmb","bmb/bmad-workflow-builder/references/quality-scan-architecture.md","367f5d178cb2a116a2d578bd3c2d5288d5d0c74492181d5498a411a58a387368"
"md","quality-scan-customization","bmb","bmb/bmad-workflow-builder/references/quality-scan-customization.md","e0d19f57befec263a8662420687c0c55a4445a87bf83c478ed652603fd11bc95"
"md","quality-scan-customization-surface","bmb","bmb/bmad-agent-builder/references/quality-scan-customization-surface.md","a4ee4a6cbcc35001f0853c7c5ba980d2818c0e8412a47d4e56e518dd09fbed1d"
"md","quality-scan-determinism","bmb","bmb/bmad-workflow-builder/references/quality-scan-determinism.md","f983e355a3afa170d32ec161bed8b3bdc1b74d3ba11bc914409a37c4c7577609"
"md","quality-scan-enhancement","bmb","bmb/bmad-workflow-builder/references/quality-scan-enhancement.md","9f4395baa714ccb3067dd70e7b9293b34d9e7b62cf85112d5db57fdb1e8be6d4"
"md","quality-scan-enhancement-opportunities","bmb","bmb/bmad-agent-builder/references/quality-scan-enhancement-opportunities.md","333720e2bb6d80c9fb74118df9c5ffb64f6981423cff54bad6c4e94d47398a2c"
"md","quality-scan-execution-efficiency","bmb","bmb/bmad-agent-builder/references/quality-scan-execution-efficiency.md","50bbcb7a2e206110fafc36c8ee5527ed45cfe62afd9026aa5e14a18a9eef23e5"
"md","quality-scan-prompt-craft","bmb","bmb/bmad-agent-builder/references/quality-scan-prompt-craft.md","b9d5321122f5d8b0ea4ca80a8ed24348c6c112a6ddcaa369edcd40b659a30c0e"
"md","quality-scan-sanctum-architecture","bmb","bmb/bmad-agent-builder/references/quality-scan-sanctum-architecture.md","9b95b14afc8724406ddb1a34fef0d3cdf260ed04993de093abeffdb0085f298f"
"md","quality-scan-script-opportunities","bmb","bmb/bmad-agent-builder/references/quality-scan-script-opportunities.md","f1f754cc572d297e5eb5cc8eac9fa5b2f911ba6bf38305241338fc108e624945"
"md","quality-scan-structure","bmb","bmb/bmad-agent-builder/references/quality-scan-structure.md","814c5718f587e7560c7ff6cf462a39ea562bb2cab36ff8f998ca736b5e4aa6da"
"md","report-quality-scan-creator","bmb","bmb/bmad-agent-builder/references/report-quality-scan-creator.md","23d6d2af05269e42c738853e90e239a70e32c21551950a03625d3dc0b3a96051"
"md","report-quality-scan-creator","bmb","bmb/bmad-workflow-builder/references/report-quality-scan-creator.md","0e1f3ed1597f033aa0d538e85c2d7ad0753fdf6f9f219f8ef35e08a15f3090e7"
"md","sample-capability-authoring","bmb","bmb/bmad-agent-builder/references/sample-capability-authoring.md","c188394fe5c1fbe0998e4d03c1e4a13f251708eb6eea41efde4a02cac62d356e"
"md","sample-capability-prompt","bmb","bmb/bmad-agent-builder/references/sample-capability-prompt.md","89fa50211cc54b0ff375d216303464cd781ce5ddaeace21cf9f89a5549625ea5"
"md","sample-first-breath","bmb","bmb/bmad-agent-builder/references/sample-first-breath.md","ea55b9eaee5fb5d51d928761d988e05066b6faa448852fa4e512dc65f4febcb9"
"md","sample-memory-guidance","bmb","bmb/bmad-agent-builder/references/sample-memory-guidance.md","439aa16ed25f63ba42c7d7935cdb33226b8193862ed8e051015aa99fedb035ec"
"md","script-opportunities-reference","bmb","bmb/bmad-agent-builder/references/script-opportunities-reference.md","7fc382a1561498c8c9b5e5d83d16e94a1076985773a848f55f15f2fa27c55cce"
"md","script-opportunities-reference","bmb","bmb/bmad-workflow-builder/references/script-opportunities-reference.md","a78166926e903edb94a79b6aefbfe6e781dfcad9744fa8fd34b97a35f2b0e47c"
"md","script-standards","bmb","bmb/bmad-agent-builder/references/script-standards.md","802f9de7527f3ebe2da9cde2ca6b6ac9efb639a6cce6616c9469cd9da42c1c0d"
"md","script-standards","bmb","bmb/bmad-workflow-builder/references/script-standards.md","ae4bc66196d4cb5da0c65782731d89c38ae2128472ec10f7b7234d354b345db6"
"md","SKILL","bmb","bmb/bmad-agent-builder/SKILL.md","dfb73ea0b09e79347ebb22781a2d4e38cc24e5fe39019040777ed307d5bd669b"
"md","SKILL","bmb","bmb/bmad-bmb-setup/SKILL.md","d734a3b5a4c5c3f86e17788688629972f3550f58fe6d06c57652e90742066b58"
"md","SKILL","bmb","bmb/bmad-eval-runner/SKILL.md","cf33c763e7b58c1af5ad645cdc609040d897c171a0336def9d08e28b657c9267"
"md","SKILL","bmb","bmb/bmad-module-builder/SKILL.md","344ee5a895878611f0241ad36352d3331871dc204bc6c5efce527927266bf8bc"
"md","SKILL","bmb","bmb/bmad-module-builder/assets/setup-skill-template/SKILL.md","9df94238c21ea09c64f340ec69da0138616731cd5ba515439aa32327b05e7655"
"md","SKILL","bmb","bmb/bmad-workflow-builder/SKILL.md","0b2b18da0eab1373277905ebb2528c50dd25617613dffdb03573db4d469e80e2"
"md","skill-best-practices","bmb","bmb/bmad-agent-builder/references/skill-best-practices.md","048cdd5ac5eb1ba2c2a65dbfae8056769bbab61d37dcfb4c3f2045375a5db8c2"
"md","skill-quality-principles","bmb","bmb/bmad-workflow-builder/references/skill-quality-principles.md","4973c3121bc23d91292252349dcd7a833eee90dba8e2b7211fd5a80378943329"
"md","SKILL-template","bmb","bmb/bmad-agent-builder/assets/SKILL-template.md","7d0ed7ce63c0aec3869b17776d8416c9581dbc670ca999b4c9702507e8915454"
"md","SKILL-template","bmb","bmb/bmad-workflow-builder/assets/SKILL-template.md","0d8ad0d69b78e0720c275b82895005530567daf61e394402f1770cdfc10655ca"
"md","SKILL-template-bootloader","bmb","bmb/bmad-agent-builder/assets/SKILL-template-bootloader.md","4d1bf3ac343cbc5a354ab22a7702a3021ae144970505c08a5ffc9b297c6fe3c9"
"md","standard-fields","bmb","bmb/bmad-agent-builder/references/standard-fields.md","17092a6d5420d50e12c4d38c016c4e21244e6f76b8283e00a235f76335e1b9f9"
"md","standard-fields","bmb","bmb/bmad-workflow-builder/references/standard-fields.md","28c0f2cf771c7a49fbd447e3cc0e673d4ed3dbee6e49ce1af1eff3c0a87a643b"
"md","standing-order-guidance","bmb","bmb/bmad-agent-builder/references/standing-order-guidance.md","75c9cee7f7f9c9c5d8fe67ae18c74366afc70588f425cfa251c4c88e6d4fef2d"
"md","template-substitution-rules","bmb","bmb/bmad-agent-builder/references/template-substitution-rules.md","99aceeaaa659bdc5ef3b36a8552a879d7ad5181d80672660f4f579ebf361ba93"
"md","template-substitution-rules","bmb","bmb/bmad-workflow-builder/references/template-substitution-rules.md","45b29451ccfca934a8bf42a54447c0de625337dcd486c514441d34456588f4c6"
"md","validate-module","bmb","bmb/bmad-module-builder/references/validate-module.md","31ec64ac8e667bc94befc0ab019e506c1c2150403e6c90a92f329db43fdf6853"
"py","cleanup-legacy","bmb","bmb/bmad-bmb-setup/scripts/cleanup-legacy.py","827b32af838a8b0c4d85e4c44cfe89f6ddfffef3df4f27da7547c8dcbdc7f946"
"py","cleanup-legacy","bmb","bmb/bmad-module-builder/assets/setup-skill-template/scripts/cleanup-legacy.py","827b32af838a8b0c4d85e4c44cfe89f6ddfffef3df4f27da7547c8dcbdc7f946"
"py","docker_setup","bmb","bmb/bmad-eval-runner/scripts/docker_setup.py","5be61c0ebf9296a686ccdb875b20dd06f2edc99e96dcb590d3b7a5352b80f32e"
"py","extract-report-json","bmb","bmb/bmad-workflow-builder/scripts/extract-report-json.py","ae9c56b4481c2111d463f14a28e62047ba1a6998dcf4b21c6b021e524bd59771"
"py","generate_report","bmb","bmb/bmad-eval-runner/scripts/generate_report.py","d6d7553b34e8b6942eb8efae659232a63d612338eaf7e219a7b84e3652a927e1"
"py","generate-html-report","bmb","bmb/bmad-agent-builder/scripts/generate-html-report.py","db8ef884f4389107579829043133315725cded5a0f00552a439b79ccf1c852bb"
"py","generate-html-report","bmb","bmb/bmad-workflow-builder/scripts/generate-html-report.py","e2759c8dd7f6ac0d93b54decb09c2c45bcf0c19291101e8a46b866075c5a56e1"
"py","init-sanctum-template","bmb","bmb/bmad-agent-builder/assets/init-sanctum-template.py","da197cc3003f04d8b08a966c2c84879e3f612226af3171dd1e59077f597598aa"
"py","merge-config","bmb","bmb/bmad-bmb-setup/scripts/merge-config.py","56f9e79cbdf236083a4afb156944945cc47b0eea355a881f1ee433d9664a660d"
"py","merge-config","bmb","bmb/bmad-module-builder/assets/setup-skill-template/scripts/merge-config.py","56f9e79cbdf236083a4afb156944945cc47b0eea355a881f1ee433d9664a660d"
"py","merge-config","bmb","bmb/bmad-module-builder/assets/standalone-module-template/merge-config.py","56f9e79cbdf236083a4afb156944945cc47b0eea355a881f1ee433d9664a660d"
"py","merge-help-csv","bmb","bmb/bmad-bmb-setup/scripts/merge-help-csv.py","f30cd4c3a2c66153c54a6574caf0d1de82bbdad0ebe219f6cc16afb982873968"
"py","merge-help-csv","bmb","bmb/bmad-module-builder/assets/setup-skill-template/scripts/merge-help-csv.py","f30cd4c3a2c66153c54a6574caf0d1de82bbdad0ebe219f6cc16afb982873968"
"py","merge-help-csv","bmb","bmb/bmad-module-builder/assets/standalone-module-template/merge-help-csv.py","f30cd4c3a2c66153c54a6574caf0d1de82bbdad0ebe219f6cc16afb982873968"
"py","prepass-execution-deps","bmb","bmb/bmad-agent-builder/scripts/prepass-execution-deps.py","3c9c8998b3e3b00007027c73ff75bf4d568447a50f8ee9e291f4d9df614e4767"
"py","prepass-execution-deps","bmb","bmb/bmad-workflow-builder/scripts/prepass-execution-deps.py","8c53ae6deb0b54bd1edcb345a6e53398b938e285e5a8cec4191cac3846119f24"
"py","prepass-prompt-metrics","bmb","bmb/bmad-agent-builder/scripts/prepass-prompt-metrics.py","ce3808ccb4bff66f555aa2311b455004a58a1627e69bf99f0b35cf7b11595d19"
"py","prepass-prompt-metrics","bmb","bmb/bmad-workflow-builder/scripts/prepass-prompt-metrics.py","2e2d6bcbf9f2ba58af727d0873a4cfd5d1558713e87c864957910e8b07a6a66b"
"py","prepass-sanctum-architecture","bmb","bmb/bmad-agent-builder/scripts/prepass-sanctum-architecture.py","e26e96d50cf6efcfc400e5addb53b4765c676247ac834517597da910dc334300"
"py","prepass-structure-capabilities","bmb","bmb/bmad-agent-builder/scripts/prepass-structure-capabilities.py","a744cd75073c3976579fe5ad972e30df7631f9acffe7476dafd14151dc42481b"
"py","prepass-workflow-integrity","bmb","bmb/bmad-workflow-builder/scripts/prepass-workflow-integrity.py","1beb181f4cc1acb6a35e740c147f30cdd1d1581f0de0256fc2d4977f3dfc9ff0"
"py","process-template","bmb","bmb/bmad-agent-builder/scripts/process-template.py","2a78f5931e764cf75c9872e14600e53963d9debd86f7e862aa9d8d40ec315172"
"py","pty_runner","bmb","bmb/bmad-eval-runner/scripts/pty_runner.py","7c4b1ce268dc8575262fa4c637ceb72555ea9f9d67885f56e22a4f8cbac5432b"
"py","run_evals","bmb","bmb/bmad-eval-runner/scripts/run_evals.py","c7dcdf90be7e910afc86b0e318882bcdcf45b2b30cdf1acbbc8e5a694562c254"
"py","run_triggers","bmb","bmb/bmad-eval-runner/scripts/run_triggers.py","afa32bf5ff0cc72cc4f1bbac41eef936d1d720af06139240b65557419917dc96"
"py","sample-init-sanctum","bmb","bmb/bmad-agent-builder/references/sample-init-sanctum.py","478d1e6a640eb3dc36b24b08a91dd6dbcfb4a2780ba82f114d310e11133c4aa6"
"py","scaffold-setup-skill","bmb","bmb/bmad-module-builder/scripts/scaffold-setup-skill.py","b1df022164bb4c7e3e733a66e440637f255ddc8512ec43e4cb7206e3aae40532"
"py","scaffold-standalone-module","bmb","bmb/bmad-module-builder/scripts/scaffold-standalone-module.py","8efa8f264f300ef1242e01b1729290e2ded11f330a703af078b848850ae9edb3"
"py","scan-path-standards","bmb","bmb/bmad-agent-builder/scripts/scan-path-standards.py","a37fd299deda25e94e9a3b14d72504aa8c0ffdd3d22d83e4e5de1d6236c4cec2"
"py","scan-path-standards","bmb","bmb/bmad-workflow-builder/scripts/scan-path-standards.py","289f3b31b9260464f1b4de089ddb3a621b6d75b11c8e5ce24a660dafface9f60"
"py","scan-scripts","bmb","bmb/bmad-agent-builder/scripts/scan-scripts.py","73f3714d5d5f612b358ffec2cfb0282545d8b77bf562cd4b6072937059d97ca3"
"py","scan-scripts","bmb","bmb/bmad-workflow-builder/scripts/scan-scripts.py","1a6560996f7a45533dc688e7669b71405f5df031c4dfa7a14fc2fb8df2321a46"
"py","test-scaffold-setup-skill","bmb","bmb/bmad-module-builder/scripts/tests/test-scaffold-setup-skill.py","f10d300453cbd509ff01886494986e7ef74d6d29534e6d5a4823e4244e83a38a"
"py","test-scaffold-standalone-module","bmb","bmb/bmad-module-builder/scripts/tests/test-scaffold-standalone-module.py","f2d9a2b67a94cb24c4b88d75650ae9b5e69a157886c4a4b15e5d2c09dc685935"
"py","test-validate-module","bmb","bmb/bmad-module-builder/scripts/tests/test-validate-module.py","6c92389aa12c5cf0e8243999d0328704b926d0bfcdcc2124e12cb82a878d8617"
"py","utils","bmb","bmb/bmad-eval-runner/scripts/utils.py","d3cc105103e5fd10aca031f9c7fd95422f4566d7cce94b198837b50027179ab1"
"py","validate-module","bmb","bmb/bmad-module-builder/scripts/validate-module.py","e16e7d854ea9e4f0e9670f34f60360119ac6deae4587ebb12ed6a89ea90ec7c9"
"toml","customize-template","bmb","bmb/bmad-agent-builder/assets/customize-template.toml","1281eb3e57f0b3b48e5e1604c553cf91a77e1937616898e84446d26e1ad3e96d"
"toml","customize-template","bmb","bmb/bmad-workflow-builder/assets/customize-template.toml","93e235c211546a0a2885a237396e570617710dc43a65100a0e843dc6d1b6e4ae"
"toml","sample-customize-analyst","bmb","bmb/bmad-agent-builder/assets/sample-customize-analyst.toml","5a3f2e1cc7ed58011b4e2ce2ad4f086f8e1a2cea92221ae07e02011670d7a92c"
"toml","sample-customize-product-brief","bmb","bmb/bmad-workflow-builder/assets/sample-customize-product-brief.toml","5ebc868828797cf42fe4e23f389249295844a8bc0204d4b9b228f89ea963f410"
"yaml","config","bmb","bmb/config.yaml","24710b530d05d6518313b8f37ba560383388392f2899192a967d7af251f03f0d"
"yaml","module","bmb","bmb/bmad-bmb-setup/assets/module.yaml","d9cb53ff118c5c45d393b5a0f3498cdfc20d7f47acf491970157d36a7e9f5462"
"yaml","module","bmb","bmb/bmad-module-builder/assets/setup-skill-template/assets/module.yaml","9ebacf189dcd2e353509bfa0fa70c90b84d5fe749022a3571e5321598e1ae9fa"
"csv","module-help","bmm","bmm/module-help.csv","fe1f3c778d5d909d5858e0d13f2a7d4d18f40180de05a3c4fa7a5470dabeb945"
"html","validation-report-template","bmm","bmm/plan/bmad-prd/assets/validation-report-template.html","a80becdd8205d2d7c18738855830b096172a496b96b5ca8a0820ec55c9bb8bf9"
"html","validation-report-template","bmm","bmm/plan/bmad-ux/assets/validation-report-template.html","8656945636fabe96624f8ef8fce931b073b5aecbe42d490584c1d5c7f31e1353"
"json","bmad-manifest","bmm","bmm/plan/bmad-prfaq/bmad-manifest.json","9d91d2ae277b87bdfb8785df6a660788743c5cdf98cbd9fcf88c29f957324709"
"md","acceptance-verdict","bmm","bmm/ship/bmad-retrospective/references/acceptance-verdict.md","09a65007c39af83e01e039331c252e6e670b134cd5e2a4b5e05ac9d9fb7e37f1"
"md","aggregate-views","bmm","bmm/ship/bmad-retrospective/references/aggregate-views.md","5b278afce4a53692d8715b4af178e4233da0876921dc3154b5763d056cb5ff0b"
"md","artifact-analyzer","bmm","bmm/plan/bmad-prfaq/agents/artifact-analyzer.md","7bdc44830f8d593346ec0ee15e36e1e431432fcc6c38b70bb861999315c9cfa4"
"md","best-practices","bmm","bmm/plan/bmad-project-context/references/best-practices.md","ded4ad303ea7a62c2c55a8673085cb4deeaf8306a68ebcc09fa2c308589fbf9b"
"md","brief-template","bmm","bmm/plan/bmad-product-brief/assets/brief-template.md","bb28edf75d023067551c8d417b19b8803324e7acfb2ad0c80f882e9134f4c1f1"
"md","checklist","bmm","bmm/ship/bmad-correct-course/checklist.md","3e082b95def90ccb876e3101ce0bbaf797a0f03a9471e1347361897f27977327"
"md","checklist","bmm","bmm/ship/bmad-qa-generate-e2e-tests/checklist.md","b58f810aeb1040c2f6758c88aa133afce72f8cc178d3d97ff0fbaa3d943057dc"
"md","checklist","bmm","bmm/v6-shims/bmad-create-story/checklist.md","b94e28e774c3be0288f04ea163424bece4ddead5cd3f3680d1603ed07383323a"
"md","checklist","bmm","bmm/v6-shims/bmad-dev-story/checklist.md","630b68c6824a8785003a65553c1f335222b17be93b1bd80524c23b38bde1d8af"
"md","color-themes","bmm","bmm/plan/bmad-ux/assets/color-themes.md","ccb6e4ef47a196476cf9392d788938ad3ca8d07b9ce095b7c092dcb4e06735f0"
"md","compile-epic-context","bmm","bmm/ship/bmad-build/compile-epic-context.md","6793b15ae85766cee529e6b349e45f2c6ec9e3212019611c29e8c77b4dc4b924"
"md","compile-epic-context","bmm","bmm/ship/bmad-build-auto/compile-epic-context.md","64d13b41974cfa0dfc1de64b6fbd8365e9b99f91c7c98f0ee1a9fbd018f324ca"
"md","creative-tools","bmm","bmm/plan/bmad-ux/references/creative-tools.md","e281292d7c0fdecdbb67ca9b7d95d4bed803626ba5edfd8dcc99146fcaa118e6"
"md","customer-faq","bmm","bmm/plan/bmad-prfaq/references/customer-faq.md","96f8565197649c58908a1d61b6cd805fd01f57da7945ba889c18d087ad597aeb"
"md","deletion-check","bmm","bmm/ship/bmad-build/references/deletion-check.md","0f1f124e4e957147e89164a272b10bedc694ad0d9ad2618c8610ac74ee9cb0da"
"md","deletion-check","bmm","bmm/ship/bmad-build-auto/references/deletion-check.md","0f1f124e4e957147e89164a272b10bedc694ad0d9ad2618c8610ac74ee9cb0da"
"md","deletion-check","bmm","bmm/ship/bmad-code-review/references/deletion-check.md","0f1f124e4e957147e89164a272b10bedc694ad0d9ad2618c8610ac74ee9cb0da"
"md","design-directions","bmm","bmm/plan/bmad-ux/assets/design-directions.md","eab73b948da76a27abc908e1e7d6b124e8ff0362e6dd1990f7e60b9541cbcb98"
"md","design-example-editorial","bmm","bmm/plan/bmad-ux/assets/design-example-editorial.md","a659166845b1a4ed3f9aef942c5935537a97382b10303684fbb78ed86265870e"
"md","design-example-mobile","bmm","bmm/plan/bmad-ux/assets/design-example-mobile.md","a93fb9f114f2e83af0c961c0d7909b3859fc80bcd713715517cd639a53a0372a"
"md","design-example-shadcn","bmm","bmm/plan/bmad-ux/assets/design-example-shadcn.md","25e0dfb2bb21483973a8f0a6ed650288b3dc2ae5ed02aa0f091bb9b6b0b39fc0"
"md","design-md-spec","bmm","bmm/plan/bmad-ux/references/design-md-spec.md","d04d5f663607aba3f3181e818ae33856e6caf5e560dcb16fa64ed80b7cf3d590"
"md","discover-inputs","bmm","bmm/v6-shims/bmad-create-story/discover-inputs.md","dfedba6a8ea05c9a91c6d202c4b29ee3ea793d8ef77575034787ae0fef280507"
"md","edge-case-hunter","bmm","bmm/ship/bmad-build/review-prompts/edge-case-hunter.md","4ccb3599ed1b8cc54876b304dc567d1b4e3e0ec5c1add34df9a2445224ac77af"
"md","edge-case-hunter","bmm","bmm/ship/bmad-build-auto/review-prompts/edge-case-hunter.md","4ccb3599ed1b8cc54876b304dc567d1b4e3e0ec5c1add34df9a2445224ac77af"
"md","edge-case-hunter","bmm","bmm/ship/bmad-code-review/review-prompts/edge-case-hunter.md","4ccb3599ed1b8cc54876b304dc567d1b4e3e0ec5c1add34df9a2445224ac77af"
"md","epics-template","bmm","bmm/plan/bmad-create-epics-and-stories/templates/epics-template.md","a804f740155156d89661fa04e7a4264a8f712c4dc227c44fd8ae804a9b0f6b72"
"md","evidence-gathering","bmm","bmm/ship/bmad-retrospective/references/evidence-gathering.md","575bace78d7c03c48d86a209dd664f7dd22295a222b75e6d6298894cb7b7ce00"
"md","excalidraw-wireframe","bmm","bmm/plan/bmad-ux/assets/excalidraw-wireframe.md","660bbcdebff50cd044a3752eda43f3cb303aca4b0f521b55a270da93b89ddb18"
"md","experience-example-mobile","bmm","bmm/plan/bmad-ux/assets/experience-example-mobile.md","f8cd54c92193cd8c34a472df9c212ac7330976f6a115b729721dcb60034dc4f0"
"md","experience-example-shadcn","bmm","bmm/plan/bmad-ux/assets/experience-example-shadcn.md","d6ca16e87b768e8b41f352c02ee08af21d7cdac04ca21e6ae1556864b4d27590"
"md","fix-sprint-status","bmm","bmm/plan/bmad-sprint-planning/references/fix-sprint-status.md","0406c31b70da33e2a354d9785f43d8f9918f4b923d0aac2ebd1e3707ebad5806"
"md","generate-tracking","bmm","bmm/plan/bmad-sprint-planning/references/generate-tracking.md","4dbf7aca26d0e6e893f288fc5e6158dbbcd65f77bbaf95e941ca705abceb1741"
"md","generate-trail","bmm","bmm/ship/bmad-checkpoint-preview/generate-trail.md","4a5936d86fbe5a85285b4535097b1e2edda8849da35586f4b588a982d7224459"
"md","headless","bmm","bmm/plan/bmad-architecture/references/headless.md","4db2708f335c94cb024b5eba022b1e3d88b1ec61c94c4716626d9b89684f5833"
"md","headless","bmm","bmm/plan/bmad-prd/references/headless.md","4dad58ebee63933a53179016513ff94d143ce9f68e226489d390e2c36bf1d848"
"md","headless","bmm","bmm/plan/bmad-ux/references/headless.md","8da7e23d269b1644f45b5104a243a6a27fd8d075aebb95d9b7752f0d143f0f5d"
"md","headless-schemas","bmm","bmm/plan/bmad-prd/assets/headless-schemas.md","8d3621333a72400512bd62511bc4c73fc745711505e1f852c697ff8c5fa2de93"
"md","headless-schemas","bmm","bmm/plan/bmad-spec/assets/headless-schemas.md","83afb3614716db2347d83586a67b9c524492dd50db5282436ccb35c99fb5f08a"
"md","headless-schemas","bmm","bmm/plan/bmad-ux/assets/headless-schemas.md","e3a773dde85286f1a6f6dd8b26fc17e09ccea96f6257dfe7fb436353cd79242d"
"md","internal-faq","bmm","bmm/plan/bmad-prfaq/references/internal-faq.md","26eb83f844cda1ed8efb50f4703d61713ada8a64bd27eb387f759f858b5748de"
"md","key-screens","bmm","bmm/plan/bmad-ux/assets/key-screens.md","ff1c5060673dd595edd61e76806bae876264ec6895c2eaadf8a6190785bf5f7b"
"md","prd-template","bmm","bmm/plan/bmad-prd/assets/prd-template.md","b6fe8fc1390b8e46961d5eb5e6f2fe6c65dca2f30623d492677672e02868f7ab"
"md","prd-validation-checklist","bmm","bmm/plan/bmad-prd/assets/prd-validation-checklist.md","41d9f09064772a92ec908d970618e47ba63dc86b5c5a1a21d5a2c676d3ba8e3f"
"md","press-release","bmm","bmm/plan/bmad-prfaq/references/press-release.md","c406adb0e2d2cc326cbc45d0174f89d014523448ad82bc272293999d22aec596"
"md","prfaq-template","bmm","bmm/plan/bmad-prfaq/assets/prfaq-template.md","b27e6964f0437ab4e78c8c0ffbe5052c28e3b3ef2fc811726cbb394d5a5c7559"
"md","readiness-gate","bmm","bmm/plan/bmad-sprint-planning/references/readiness-gate.md","7d58ea61fafe3c1d8218203abc7512e322ca384c78d9e71829df55dfabe1245b"
"md","README","bmm","bmm/v6-shims/README.md","05315a8e369f5ebb9e615c1a33fd2b3f85eb92a9455c974cdc7ec7d3ea0d10bf"
"md","retro-document","bmm","bmm/ship/bmad-retrospective/references/retro-document.md","de8164664cd2be7f73b8ba5552e9e0f58816d2a7c4be8efc7715461846bb7001"
"md","reviewer-gate","bmm","bmm/plan/bmad-architecture/references/reviewer-gate.md","d32e32a3c1d59b5612b947004f3f6fef1117a13ce9f1ffa428d616e0b5d4db69"
"md","SKILL","bmm","bmm/agents/bmad-agent-analyst/SKILL.md","99c72ea74b833743a71a8e3c54369348530525edcfae43da2d267ec27cefc8ff"
"md","SKILL","bmm","bmm/agents/bmad-agent-architect/SKILL.md","72a542f7cd34ebf844c26431be564040824f0c16cf060b8795eff2c9e019f003"
"md","SKILL","bmm","bmm/agents/bmad-agent-dev/SKILL.md","b980cf2c99976b5e1bd53128dc7b56bdd181ac39a57098d9b5a6bf0692db2675"
"md","SKILL","bmm","bmm/agents/bmad-agent-pm/SKILL.md","7b84234262e749f22fe31032124024c8c4283ba55294916b2ec67917a3bb9fb5"
"md","SKILL","bmm","bmm/agents/bmad-agent-ux-designer/SKILL.md","2ba39678706fd536a98f7afcbb3d85c3b74e24bdb86a191b330fcd7fd7e64c03"
"md","SKILL","bmm","bmm/plan/bmad-architecture/SKILL.md","b3d8c6e5024cb9747ef1659cec8109f5bb797fd1760338e65237bb084b60fcdc"
"md","SKILL","bmm","bmm/plan/bmad-create-epics-and-stories/SKILL.md","6b27b0730c61309190eb7c9c84ae98b11cbfe7187941ef88f45ddc8ded850c04"
"md","SKILL","bmm","bmm/plan/bmad-generate-project-context/SKILL.md","8cc66337d465bb088831d8973a25cfb4374f1a3427638cc2fb553fad29d08f12"
"md","SKILL","bmm","bmm/plan/bmad-prd/SKILL.md","5c220a51dc6f25499b7f18c7104a0a981dc3d721aa63d0fba88ec3de32c3fbde"
"md","SKILL","bmm","bmm/plan/bmad-prfaq/SKILL.md","042611ccabfdab1254e6591f6b86f81f332acb874fc2d148af5ac6dcd5a1c726"
"md","SKILL","bmm","bmm/plan/bmad-product-brief/SKILL.md","4c15a8ec688c998eeb71957f208b5953b1ac7a5641b008b3509f1f4fcdc8e6cd"
"md","SKILL","bmm","bmm/plan/bmad-project-context/SKILL.md","1a276f306ed76f98ad2b04864cfe365426420d33438879ea4f0705c2a013324c"
"md","SKILL","bmm","bmm/plan/bmad-spec/SKILL.md","5b5680dbf01dbfc5b4a5485e70f20ea48ac21a1d6137c4ea2ff704262dcc45d2"
"md","SKILL","bmm","bmm/plan/bmad-sprint-planning/SKILL.md","6ed5dd51be5d6a807c7e6af0542bff609fe69e84b67025ed7aa3fd9ae1ccb36d"
"md","SKILL","bmm","bmm/plan/bmad-ux/SKILL.md","6475c8171bf7346964234bd35994b9d5518102dc245768c660e4dacd1e6b50fd"
"md","SKILL","bmm","bmm/ship/bmad-build/SKILL.md","bce4778d8d275095ca1836733337163c1bf11a5a62e6585b951de458a5ac2c8e"
"md","SKILL","bmm","bmm/ship/bmad-build-auto/SKILL.md","ea6931f8210e92f7d9cfb845040d557d4d8c02eced3acc3d77bd2fcc4fffc235"
"md","SKILL","bmm","bmm/ship/bmad-checkpoint-preview/SKILL.md","fbc932defc41c7d9ffd107dbbccc296854b2ece76d95e9712e19d24f0a4c3606"
"md","SKILL","bmm","bmm/ship/bmad-code-review/SKILL.md","1ba6481b28c7e4b2ea0b1447e9011a9cac3ef51fdf957d09050606d2d16b196b"
"md","SKILL","bmm","bmm/ship/bmad-correct-course/SKILL.md","507394a758e297152a806fe5529ecc54c6c2725c951bdcbbdb250622a83fa820"
"md","SKILL","bmm","bmm/ship/bmad-qa-generate-e2e-tests/SKILL.md","4aad390d3f063efb8783637a0f72b993135ec2acb810693d3146a161172057c8"
"md","SKILL","bmm","bmm/ship/bmad-retrospective/SKILL.md","8da5b53055afa76cf88135f186d35a6cb95bab1096ed96022354846dc788d26a"
"md","SKILL","bmm","bmm/v6-shims/bmad-create-architecture/SKILL.md","2d199970238a7f415aa4b9224ec01f296b4b3ee7b399f75092ed8bdd3e414be1"
"md","SKILL","bmm","bmm/v6-shims/bmad-create-prd/SKILL.md","fa8cc47fff80a19446057b0469e79ea65973ceccb71e96079bf734b34699eb69"
"md","SKILL","bmm","bmm/v6-shims/bmad-create-story/SKILL.md","bea46d2823aded992d90a8d6d684f7c67c0865478b01c1443ba4c3eac04bbd28"
"md","SKILL","bmm","bmm/v6-shims/bmad-dev-auto/SKILL.md","1c056c69a17043bfb4b80f9e42a8ec8338fc6fa47c6ae8d5cf53f8a326966b4a"
"md","SKILL","bmm","bmm/v6-shims/bmad-dev-story/SKILL.md","8f9baf6a4643a3e9b307864eceed5aa9ddfe4e325226d70b78e0c85908ab7d5d"
"md","SKILL","bmm","bmm/v6-shims/bmad-document-project/SKILL.md","c4a09a6dc3aaaf90e12e1467b48a37416820ff351316a4eda7cda826dbb7fbd7"
"md","SKILL","bmm","bmm/v6-shims/bmad-domain-research/SKILL.md","6c873cdb44ed6444c2abfb335ad7af474fda56f4ba62c1c9c7cff42d9a243cd4"
"md","SKILL","bmm","bmm/v6-shims/bmad-edit-prd/SKILL.md","26448c4017c09ad8defa8525d9517ce681bb50222320517eaa635fa0f31989f9"
"md","SKILL","bmm","bmm/v6-shims/bmad-market-research/SKILL.md","b52667b85bee97ff23dd02532a2f286c72e63fd14b1afaedd6592de4d6112df6"
"md","SKILL","bmm","bmm/v6-shims/bmad-quick-dev/SKILL.md","23bb1434e03693152311b8e79570bb8a042eb39f57615cc4d0df15b72f29b113"
"md","SKILL","bmm","bmm/v6-shims/bmad-sprint-status/SKILL.md","95e695ce9665c6b3d617d41b0581bc30de6288263609a910559a97b26eb49e78"
"md","SKILL","bmm","bmm/v6-shims/bmad-technical-research/SKILL.md","d8e6177fc03c3d815642bdf6b54b83ef37874e73118d89112f155dbda14afbfa"
"md","SKILL","bmm","bmm/v6-shims/bmad-validate-prd/SKILL.md","16bff9ed7ec003add9c56818575f613380925782bd4ef0cc0804ed34a074eeaf"
"md","spec-template","bmm","bmm/plan/bmad-spec/assets/spec-template.md","4b3a032c045fdd0903933446fc07f93e879997f28a0294ed4344da71192b20ee"
"md","spec-template","bmm","bmm/ship/bmad-build/spec-template.md","68d0e3b9acaa0c22ab3b0dd1dbce9d8ef9b4d16637ed5e6fbd5244528732943e"
"md","spec-template","bmm","bmm/ship/bmad-build-auto/spec-template.md","5fccfa92dd632d4be646ab40f2882452189aba49db57fe3fa00fcc1806666d74"
"md","spine-template","bmm","bmm/plan/bmad-architecture/assets/spine-template.md","ef4ff795624eb5439fae54a06edb389feb5a0cf79cb01ae007af51109335d198"
"md","status-view","bmm","bmm/plan/bmad-sprint-planning/references/status-view.md","c3547e221ebf6e55c874e2ada3e8c18198835213c76f0bb2e0e64150aac355ab"
"md","step-01-clarify-and-route","bmm","bmm/ship/bmad-build/step-01-clarify-and-route.md","0a3afcde2b1d4475250896f132fd8839cf442b3364ebfbeeace5a489042c7c7f"
"md","step-01-clarify-and-route","bmm","bmm/ship/bmad-build-auto/step-01-clarify-and-route.md","7480db7720720212bd045793fddcb91f06091fe512e53b38127f6440c3fd96e2"
"md","step-01-gather-context","bmm","bmm/ship/bmad-code-review/steps/step-01-gather-context.md","3f5a74d63a91fb385d33786b78d09bb9bca483b1ac45933b9715c9fb79b79e9d"
"md","step-01-orientation","bmm","bmm/ship/bmad-checkpoint-preview/step-01-orientation.md","d9e3b949c36d49a025f3535773af2b51888fe4ce616b6d6d69683a122716b1d2"
"md","step-01-validate-prerequisites","bmm","bmm/plan/bmad-create-epics-and-stories/steps/step-01-validate-prerequisites.md","7181608c1ee4e55c084c6627d68fc55a8a0b6917e489f8ac77531a0530428a30"
"md","step-02-design-epics","bmm","bmm/plan/bmad-create-epics-and-stories/steps/step-02-design-epics.md","7c66987808c1f84e853fe54b7aff26d209196d450b5644704110f124a15179bc"
"md","step-02-plan","bmm","bmm/ship/bmad-build/step-02-plan.md","d90db50ca7a679dd42f7d1587a909d0579f24480b116d6ed82b4c7d4fe9bea66"
"md","step-02-plan","bmm","bmm/ship/bmad-build-auto/step-02-plan.md","a08e303c10f88dbfce88c55044757ec5059afe338793eb414e1ddb0b7c324625"
"md","step-02-review","bmm","bmm/ship/bmad-code-review/steps/step-02-review.md","3d146c060e838413f1262211cc58b06eeee1a9a86b8997efd83d0dc8c03cfa60"
"md","step-02-walkthrough","bmm","bmm/ship/bmad-checkpoint-preview/step-02-walkthrough.md","66cf893f8f968ee81034e9ccd8c20415692c3a8c23a9a143c2245fe6c800acdc"
"md","step-03-create-stories","bmm","bmm/plan/bmad-create-epics-and-stories/steps/step-03-create-stories.md","c5b787a82e4e49ed9cd9c028321ee1689f32b8cd69d89eea609b37cd3d481afc"
"md","step-03-detail-pass","bmm","bmm/ship/bmad-checkpoint-preview/step-03-detail-pass.md","d48163b9f305f15af57729a8443142e47beb6c3e977554afe12b39ee49cb9fc0"
"md","step-03-implement","bmm","bmm/ship/bmad-build/step-03-implement.md","3b77ca64380b2989016191f488311ff392df0ebf4f641b9898d02b01767a646f"
"md","step-03-implement","bmm","bmm/ship/bmad-build-auto/step-03-implement.md","f3e427c6033a26adcc327e4367db38c619527858a1175b148ec5a6f53d1bb408"
"md","step-03-triage","bmm","bmm/ship/bmad-code-review/steps/step-03-triage.md","46a9e661e8aed6a7347cd7bc0b3f7edd8e4bffcfc96b2e15895f7a8ce2517d70"
"md","step-04-final-validation","bmm","bmm/plan/bmad-create-epics-and-stories/steps/step-04-final-validation.md","5f6033e26ed06e070dcfcefb47d648b5a266012aaed7d53f028ab3f2c0542d20"
"md","step-04-present","bmm","bmm/ship/bmad-code-review/steps/step-04-present.md","08baa98dae5e3bd70f211d1d3ce42f14e25030f4d6b17fc18e8635644847850c"
"md","step-04-review","bmm","bmm/ship/bmad-build/step-04-review.md","bcf300e2faaf413afe1a25498284baabba09681bca089e615530d0b9dc5cee72"
"md","step-04-review","bmm","bmm/ship/bmad-build-auto/step-04-review.md","8e9ff909192e1d5d50f9fc071c4b5eb8830cc921200d423904a30dadca58c3e9"
"md","step-04-testing","bmm","bmm/ship/bmad-checkpoint-preview/step-04-testing.md","28a56e868968ea2d18add0df8c4bccced0f94b698e218df3d45ddac072ce369c"
"md","step-05-present","bmm","bmm/ship/bmad-build/step-05-present.md","81e80f3fd38f8e3049afe9daf41783b86b00ac22544f7f36bd430496a12d8e46"
"md","step-05-wrapup","bmm","bmm/ship/bmad-checkpoint-preview/step-05-wrapup.md","b1f04d64f0c9c9e4c051ebdd81eee1083d60c6aaca96bb5d3d85e0cbeca0143e"
"md","step-oneshot","bmm","bmm/ship/bmad-build/step-oneshot.md","e75505130a2fcc49cd71dfb36c92e76255d39fdfe8d4f735c7c9276e2917cb8a"
"md","stories-schema","bmm","bmm/plan/bmad-spec/assets/stories-schema.md","4f8137c00e2710288354a4466d1cfb90704f4b2a04bd3b63924218fd589cc6a9"
"md","sync-sprint-status","bmm","bmm/ship/bmad-build/sync-sprint-status.md","6c9e2ec17245d2dcb796bd9a36997371a20db8e579a2f803d16064e3bc36c40b"
"md","team-discussion","bmm","bmm/ship/bmad-retrospective/references/team-discussion.md","a9c504c436038c7e47d08322413aa3c213d2859b36ae30e873cb8c60fd9e008e"
"md","template","bmm","bmm/plan/bmad-project-context/references/template.md","c8b9a1fc165996614504bb9c90c5b1c6c808a8d483e36a4d250d79f62fda6fa1"
"md","template","bmm","bmm/v6-shims/bmad-create-story/template.md","29ba697368d77e88e88d0e7ac78caf7a78785a7dcfc291082aa96a62948afb67"
"md","validate","bmm","bmm/plan/bmad-prd/references/validate.md","19b2fa66d58cb4fef3d920cd09c81f8add4ee44dd4191bec87eaba84c2093338"
"md","validate","bmm","bmm/plan/bmad-sprint-planning/references/validate.md","ac680fa0a0f945a9bc0fc89ca709b2a8e6bc3b2617cd0d3d730378c4b5edd86d"
"md","validate","bmm","bmm/plan/bmad-ux/references/validate.md","7c2189d9ac1585d9408b6ed0346ba564869e7db89dba8f81044db3431cfcee65"
"md","verdict","bmm","bmm/plan/bmad-prfaq/references/verdict.md","81c06748ae2cb8e191cd282ecff83bea79532512c994fd4fffbf12c56be58a13"
"md","verification-gap","bmm","bmm/ship/bmad-build/review-prompts/verification-gap.md","11b6bbbd4e3426a25cca81229c98971e5f20ce99638940c47c9c1484011b457a"
"md","verification-gap","bmm","bmm/ship/bmad-build-auto/review-prompts/verification-gap.md","11b6bbbd4e3426a25cca81229c98971e5f20ce99638940c47c9c1484011b457a"
"md","verification-gap","bmm","bmm/ship/bmad-code-review/review-prompts/verification-gap.md","11b6bbbd4e3426a25cca81229c98971e5f20ce99638940c47c9c1484011b457a"
"md","web-researcher","bmm","bmm/plan/bmad-prfaq/agents/web-researcher.md","6e9127bb9bd3e4b15c701e4ced9eef328769262cd34eadc221bebe954c1f3aef"
"md","workflow","bmm","bmm/ship/bmad-build/workflow.md","481ff00ef349a9c7845feca02bbfd5722b1e318ccabac858355da6c90c2d8a39"
"md","workflow","bmm","bmm/ship/bmad-build-auto/workflow.md","f5f538a647b2a09406b11337244d1bd74fe97e7fa85b58a990184fcb480bfd90"
"py","git_evidence","bmm","bmm/ship/bmad-retrospective/scripts/git_evidence.py","6e08688d2943217b61e784c7df3508aa1502d7cecf53ea7cd530944c431c91b6"
"py","lint_spine","bmm","bmm/plan/bmad-architecture/scripts/lint_spine.py","040e0f1c13d31e6a21c518df943d1d7de7b75d8d98a07603b0983f3f3fb500db"
"py","sprint_plan","bmm","bmm/plan/bmad-sprint-planning/scripts/sprint_plan.py","4c30f62c261599fc1da3fd319ea6ce5092aa0332221cedee1763a1040627e6bc"
"py","sprint_status","bmm","bmm/ship/bmad-retrospective/scripts/sprint_status.py","a697eecd53cd9177657aee4cfdb2eab06d7d81f3e855b096cfe0482a74c50ebe"
"py","test_git_evidence","bmm","bmm/ship/bmad-retrospective/scripts/tests/test_git_evidence.py","0abfc8fad338830fc2db656d3ccc500631b0ea7a2ab87d853c13a6bbd46ff13c"
"py","test_lint_spine","bmm","bmm/plan/bmad-architecture/scripts/tests/test_lint_spine.py","e86bb9a62c5cca74ddc89c843386f2b992610fcc1792d40e03bc9cd445b77681"
"py","test_sprint_plan","bmm","bmm/plan/bmad-sprint-planning/scripts/tests/test_sprint_plan.py","f1c3b640e156946b0a234e233807b2a3983cb0d3f2d13dbb9830fbe0c67e5238"
"py","test_sprint_status","bmm","bmm/ship/bmad-retrospective/scripts/tests/test_sprint_status.py","23da16cca54904a256fcf88fd8f912c3f6091ea343768c241bbd2aeebbca2af3"
"pyc","sprint_plan.cpython-311","bmm","bmm/plan/bmad-sprint-planning/scripts/__pycache__/sprint_plan.cpython-311.pyc","c92c8bd560b76b970c88ec2e3b18c6611f423ca91ffe6f741348ea94e04da61d"
"pyc","sprint_status.cpython-311","bmm","bmm/ship/bmad-retrospective/scripts/__pycache__/sprint_status.cpython-311.pyc","a1f809abad01386d1342d3a70df401ced7c1de42c94133b65422ad3f2b2f382b"
"pyc","test_git_evidence.cpython-311-pytest-9.1.1","bmm","bmm/ship/bmad-retrospective/scripts/tests/__pycache__/test_git_evidence.cpython-311-pytest-9.1.1.pyc","bd1ab9d967e7e77c9a734640a64e5c0282e6ce4a53a6b0956cc54f4cefd25770"
"pyc","test_sprint_plan.cpython-311-pytest-9.1.1","bmm","bmm/plan/bmad-sprint-planning/scripts/tests/__pycache__/test_sprint_plan.cpython-311-pytest-9.1.1.pyc","640ded70adc12c995a3b92680a44ad9b679ca80bce6b0ae03f70e17a19aa5ae8"
"pyc","test_sprint_status.cpython-311-pytest-9.1.1","bmm","bmm/ship/bmad-retrospective/scripts/tests/__pycache__/test_sprint_status.cpython-311-pytest-9.1.1.pyc","9f3cb3413808cd73dbdd619051b624482d7b5ce1359d2d549310e7b5434c0c55"
"toml","customize","bmm","bmm/agents/bmad-agent-analyst/customize.toml","9b3e94d90784bbb24ab2c8f0563aaece48aa317554622750538e6c0e14478b37"
"toml","customize","bmm","bmm/agents/bmad-agent-architect/customize.toml","82f0f082935f56e6fde41b007440edaa04984eb23abf26a3be7b1442baf0047a"
"toml","customize","bmm","bmm/agents/bmad-agent-dev/customize.toml","f3f107f11f150f62091a792fcdf224dbf8d6c351d24e2b1d08aabb077e655feb"
"toml","customize","bmm","bmm/agents/bmad-agent-pm/customize.toml","086d498b0e3d0c5dd193f8347ba30fdc93efcb57bbdfaff21fb0b418dba81ba8"
"toml","customize","bmm","bmm/agents/bmad-agent-ux-designer/customize.toml","3df7da44945f9df34dbb3a64de086c756e6c298e73078e388e8f9a4f57cbf7ab"
"toml","customize","bmm","bmm/plan/bmad-architecture/customize.toml","a6bb60a3adf976031f2870203285b1fc7a56e71e21232cd23bba544b178b5f15"
"toml","customize","bmm","bmm/plan/bmad-create-epics-and-stories/customize.toml","da9e43605bc6aec83173050b5d37ede6aebfa9a17c5959a5029681d73e744ba3"
"toml","customize","bmm","bmm/plan/bmad-prd/customize.toml","7f9a3a3503a3f758003ce2f1de59c31cc53658223e355fc76055f3140ef34e90"
"toml","customize","bmm","bmm/plan/bmad-prfaq/customize.toml","8994f925bab65bd310e5ab38781286b6137f3e0c9e89f3ab8a2f480eb05e0de5"
"toml","customize","bmm","bmm/plan/bmad-product-brief/customize.toml","50abc46f7c2e7cc7b02e2edc4aa6a237a46ea49dcc6781da5b42bd8968de39ab"
"toml","customize","bmm","bmm/plan/bmad-project-context/customize.toml","9bf8a3aa919832cd8932853da550fcaebd06a9e13c0cde453f4379d8327f9c0f"
"toml","customize","bmm","bmm/plan/bmad-spec/customize.toml","a89e0f53f9b6386c281dd0158a21801a6b16f122085fd68b0220cd403c18f830"
"toml","customize","bmm","bmm/plan/bmad-sprint-planning/customize.toml","f7bde2f792e8604f26122ee792c5493e270710296044b07680db7d90e886caf3"
"toml","customize","bmm","bmm/plan/bmad-ux/customize.toml","61f8bfbb020beb159b8da570ed416b02ec4a9ba3709aa0d08b417648d85328d8"
"toml","customize","bmm","bmm/ship/bmad-build/customize.toml","68a0134f3f9e7f4a7b077aa2dcca1c68f208701d3487482e84afbee8717efec6"
"toml","customize","bmm","bmm/ship/bmad-build-auto/customize.toml","eb0b39a3e24e86e9dbca98506c8384ec452c539acb690063cabab4385c82f09a"
"toml","customize","bmm","bmm/ship/bmad-checkpoint-preview/customize.toml","1a1e0c3a8914adda3cec925eed51287e067c7f84120de64a8df53348e7b77de5"
"toml","customize","bmm","bmm/ship/bmad-code-review/customize.toml","4f50371c61dea41c100b137e3d2ac750b4e55bb3be55e5a62c77f527dae22f94"
"toml","customize","bmm","bmm/ship/bmad-correct-course/customize.toml","78095d25afb5b2d4844956f61e9ac640a62d0245174fab9406e9c289f33fd84b"
"toml","customize","bmm","bmm/ship/bmad-qa-generate-e2e-tests/customize.toml","04a99926b2d79318b927434c7344dc666f143026ed99c7fcc0d6e3d68263ae66"
"toml","customize","bmm","bmm/ship/bmad-retrospective/customize.toml","ff6fdda35fa4b7d9c2dcb4ffc3e06e56de9a588d4e4e6908379bc16a904d4225"
"toml","customize","bmm","bmm/v6-shims/bmad-create-architecture/customize.toml","618be49b0286f18dfb4b6bac3d96bf1cf062994fa5278cd327be9898e651b43c"
"toml","customize","bmm","bmm/v6-shims/bmad-create-prd/customize.toml","0c990af4c0a755402abbef893850bd542744a8b6f36c0587c9f3fb6dab6bf5e7"
"toml","customize","bmm","bmm/v6-shims/bmad-create-story/customize.toml","1204f6de064436922f2813069778eb4eaa5f1f945aa8ea5a5ffb87897a2ba8fe"
"toml","customize","bmm","bmm/v6-shims/bmad-dev-story/customize.toml","baba9f07f653063aa94981f1413d5dd4f604931077fbfb04d9c2e397f8d33237"
"toml","customize","bmm","bmm/v6-shims/bmad-edit-prd/customize.toml","35cc2dfb3eda73a0ae4dc987cac58867b25c43ce5c5a1bf552e215826ede6c22"
"toml","customize","bmm","bmm/v6-shims/bmad-sprint-status/customize.toml","96261fd227befaa4685b0a5091d3e85299d4ae8e4404176b42f5ef2e2fb501bd"
"toml","customize","bmm","bmm/v6-shims/bmad-validate-prd/customize.toml","bfb3c8af5b81b2cdb9bb84f844f1b0dafc40d8c283effa6ad48db966b9446cef"
"yaml","config","bmm","bmm/config.yaml","e219ef4f4c306f9f329dfdd47148b9ccd77981efa4947a6e3b2812d6caaa03e2"
"yaml","sprint-status-template","bmm","bmm/plan/bmad-sprint-planning/sprint-status-template.yaml","64b1a937e1fe03b8b8d158e3b1caeb89e7d51692a56c16038e2af091decc553a"
"yaml","sprint-status-template","bmm","bmm/ship/bmad-retrospective/scripts/tests/fixtures/sprint-status-template.yaml","64b1a937e1fe03b8b8d158e3b1caeb89e7d51692a56c16038e2af091decc553a"
"csv","design-methods","cis","cis/skills/bmad-cis-design-thinking/design-methods.csv","6735e9777620398e35b7b8ccb21e9263d9164241c3b9973eb76f5112fb3a8fc9"
"csv","innovation-frameworks","cis","cis/skills/bmad-cis-innovation-strategy/innovation-frameworks.csv","9a14473b1d667467172d8d161e91829c174e476a030a983f12ec6af249c4e42f"
"csv","module-help","cis","cis/module-help.csv","0c02169aee8d548ee7b190c16551dc681df217c55b8fffff5fc8ada017f2270f"
"csv","solving-methods","cis","cis/skills/bmad-cis-problem-solving/solving-methods.csv","aa15c3a862523f20c199600d8d4d0a23fce1001010d7efc29a71abe537d42995"
"csv","story-types","cis","cis/skills/bmad-cis-storytelling/story-types.csv","ec5a3c713617bf7e2cf7db439303dd8f3363daa2f6db20a350c82260ade88bdb"
"md","SKILL","cis","cis/skills/bmad-cis-agent-brainstorming-coach/SKILL.md","c8bb64e96fcb7b8e8c8cc79837bcc257ed819c88cbdc42628562202d949fd28e"
"md","SKILL","cis","cis/skills/bmad-cis-agent-creative-problem-solver/SKILL.md","8cfc1f48d9d48117d2f5d89bb01d2cdd62445ee054476302cf825b945d0c8232"
"md","SKILL","cis","cis/skills/bmad-cis-agent-design-thinking-coach/SKILL.md","5dd8116434a51cb46bfbc9de5ec50c7ef8c2444d2efe140153eedb68757b9f43"
"md","SKILL","cis","cis/skills/bmad-cis-agent-innovation-strategist/SKILL.md","f1651de76dc5ab508660a8bf551479e5729c59a23cbf0e8cd601d80a8e67fbfc"
"md","SKILL","cis","cis/skills/bmad-cis-agent-presentation-master/SKILL.md","d5254702eb909bae1f77a2f0a7834a80b8b10c1c04fe22250d586da3c1a43fb4"
"md","SKILL","cis","cis/skills/bmad-cis-agent-storyteller/SKILL.md","9d9e68a34b1df789ab55b49bc40ae1745a128566ffc10abf821d98a82c1f089a"
"md","SKILL","cis","cis/skills/bmad-cis-design-thinking/SKILL.md","fc391e6eb99e6dedc36beeb454607b001c42915fc806cd8ed91508e9ee9c42c7"
"md","SKILL","cis","cis/skills/bmad-cis-innovation-strategy/SKILL.md","0e8447d328078112a39476c486b85f8c11d9b49e0b98f17881cfbb8f98706c0c"
"md","SKILL","cis","cis/skills/bmad-cis-problem-solving/SKILL.md","f734e44403df5eb123d3f1ad9247266634e92eec017d743cb1687300d897d8f1"
"md","SKILL","cis","cis/skills/bmad-cis-storytelling/SKILL.md","eca4ad520ccee2545ad275760b484fd763f2833893d4d37f364bd21d6e40c834"
"md","template","cis","cis/skills/bmad-cis-design-thinking/template.md","7834c387ac0412c841b49a9fcdd8043f5ce053e5cb26993548cf4d31b561f6f0"
"md","template","cis","cis/skills/bmad-cis-innovation-strategy/template.md","e59bd789df87130bde034586d3e68bf1847c074f63d839945e0c29b1d0c85c82"
"md","template","cis","cis/skills/bmad-cis-problem-solving/template.md","6c9efd7ac7b10010bd9911db16c2fbdca01fb0c306d871fa6381eef700b45608"
"md","template","cis","cis/skills/bmad-cis-storytelling/template.md","461981aa772ef2df238070cbec90fc40995df2a71a8c22225b90c91afed57452"
"toml","customize","cis","cis/skills/bmad-cis-agent-brainstorming-coach/customize.toml","e841aa106072cfb19a7692f4b6ed8565bd0a58cfffa3b3985759a056651361c5"
"toml","customize","cis","cis/skills/bmad-cis-agent-creative-problem-solver/customize.toml","43b3d348a4e6601e7a02ca8fcd5534975609637bacea9cbc195b997cbfa88c70"
"toml","customize","cis","cis/skills/bmad-cis-agent-design-thinking-coach/customize.toml","948f04fee1765b7a6921f73b514be529465f6fc11bc14975e289da176ec3bab6"
"toml","customize","cis","cis/skills/bmad-cis-agent-innovation-strategist/customize.toml","7a7614cf42ed09d0695977cc7cdf672595a25b744acea6ebda06f3b552ec2acc"
"toml","customize","cis","cis/skills/bmad-cis-agent-presentation-master/customize.toml","aa7144a2a769883a9f1f6a01d5f7f1700a0be7c5219aa1f8c89aca087e079a52"
"toml","customize","cis","cis/skills/bmad-cis-agent-storyteller/customize.toml","ef628ea9c6bdd80fdd2ad3a21fe010d7fe6e45bd1905f1bec81e3b114bf239c1"
"toml","customize","cis","cis/skills/bmad-cis-design-thinking/customize.toml","15991e2d5ec5ca1bdec8c443cd2943d596515d16f768e358231ecdf264515ab8"
"toml","customize","cis","cis/skills/bmad-cis-innovation-strategy/customize.toml","0efce9f87dc9930aad015d8301c1a63c3066df0f640599d43dec8c6cd21fc38f"
"toml","customize","cis","cis/skills/bmad-cis-problem-solving/customize.toml","6a7fec618cef5bb507d209db78a9043f036caeaa91f479ee2a54f92062898067"
"toml","customize","cis","cis/skills/bmad-cis-storytelling/customize.toml","9ec1b11a809b960d1cc776d6b364cebd3533c6797c008f425672a8928fe52d96"
"yaml","config","cis","cis/config.yaml","c43aa50ad139977b14f950e8550b738424d4bd26509892ff1a3b04de7900fe61"
"toml","config","config.toml","config.toml","3c4edf8e2b5a81b33b9cbc7b62d926722b39a8fdf56d9c0a1ef6581378b45221"
"toml","config.user","config.user.toml","config.user.toml","1739d6f5a801abb60e908289041174ee01a208af62c5cbc4da856904793403a3"
"csv","brain-methods","core","core/bmad-brainstorming/assets/brain-methods.csv","fff112eabca1a9cb8b190f8314bc47678becc5782a2372e11c83daa0e33b6dfd"
"csv","methods","core","core/bmad-advanced-elicitation/assets/methods.csv","d110ff5f076fb9421552b83692fde2c2d367734049169c7a55f7267a3dc7ef89"
"csv","module-help","core","core/module-help.csv","3d5feb19c1750d35676530c746a5c71e8959616f3c32fb161847971611d81b6b"
"html","brain-selector","core","core/bmad-brainstorming/assets/brain-selector.html","c110919a3366bd96061f050f98503e3586185e3d1df5ff8b62a5a046c571a436"
"json","brain-icons","core","core/bmad-brainstorming/assets/brain-icons.json","a101c56e89f1d0f9e4131dfdfc19e10c746e3a61c3f92537d04a6f4897b7d331"
"md","academic-lit","core","core/bmad-deep-recon/types/academic-lit.md","514b0b7b1184cb95363dedeb0c2298a9bf5c430c74146fe2114f31780fadb325"
"md","competitive","core","core/bmad-deep-recon/types/competitive.md","39b53df87d295fdc4388719fcdf31ad2221e64afc136e669207f46d2727a3aec"
"md","converge","core","core/bmad-brainstorming/references/converge.md","1528c32ddc64f8061fec663306f7208d2fd4d4a90e660552b8138bda7e452dc0"
"md","create-party","core","core/bmad-party-mode/references/create-party.md","2f810332c36c17d14eb55717aed48f3020acf0713bb9f932479be9fbc3856e9e"
"md","domain","core","core/bmad-deep-recon/types/domain.md","3a34b2e62c3589f8c8d01158357ee9fba32648c9fdfe70035bb3ca971862896b"
"md","draft","core","core/bmad-deep-recon/references/draft.md","ac19b33a00ca529c3281df6076f87a833a3b11fc30915ca2c6e7590f7986b90e"
"md","editorial-common","core","core/bmad-review/references/editorial-common.md","f0cdc72ea345b2c5dc3001477b3dfcc909ca11b78f7db8865b6763d18ffc66c8"
"md","finalize","core","core/bmad-brainstorming/references/finalize.md","b6074e7fb4d86ffcf899abc50b9049b4a1f6fe550917f4be7a1c7a888477e07e"
"md","finalize","core","core/bmad-deep-recon/references/finalize.md","d2ba4bee615dfbca6e7725179fb5ebd856dd34a54ba3f306e25255dfd7b1d126"
"md","headless","core","core/bmad-brainstorming/references/headless.md","b8ea5951199cff7e4813e06aef35683ca0658230fa015e358cacc466b1138a42"
"md","html-briefing","core","core/bmad-deep-recon/references/html-briefing.md","cd3a88c1a5505fa7f1b715afc3adb34f3d64ade66f4c6b49a59f7e8cfcbe38d4"
"md","in-chat-techniques","core","core/bmad-brainstorming/references/in-chat-techniques.md","18239464e3e4f00ea9063d015d26d6b0a696b72e7e3c5be92352da6db9a3f244"
"md","lens-adversarial","core","core/bmad-review/references/lens-adversarial.md","7c5ce97ab2f3ecb96ceb6aa76417f68c1b7df535edd3cc51666d8e1216e6e557"
"md","lens-edge-case-hunter","core","core/bmad-review/references/lens-edge-case-hunter.md","f2709e3adb40943ea0f19d0797be379caf0875eaef9a55081dc1e170e8288b68"
"md","lens-prose","core","core/bmad-review/references/lens-prose.md","4cbcb1eaea8567d272f5db7c6cdfd74ed5a8aae6831053cb2f01cbfc2cb98b98"
"md","lens-structure","core","core/bmad-review/references/lens-structure.md","98c08221f517133e57ef6325013935360c3365ebd7dcb8411b2050d7df507ee3"
"md","lens-verification-gap","core","core/bmad-review/references/lens-verification-gap.md","e7123d81171eeeee1b3782d13d94c2988969fe357dd71949131a5eb97803e2c6"
"md","lifecycle","core","core/bmad-deep-recon/references/lifecycle.md","2315fd9cb9223504639616b861ad593bfecb53d605efbd598ae2cf94fb6c4cdf"
"md","market","core","core/bmad-deep-recon/types/market.md","81ac04499da441857672e29fcd7169436a7e239e67194288ac0d526ec514cb5e"
"md","mode-agent-team","core","core/bmad-party-mode/references/mode-agent-team.md","def759a17f4bb45463b68fb74c2b828b0a4241720b2b6cc1c9c611a1016ae9d7"
"md","mode-auto","core","core/bmad-party-mode/references/mode-auto.md","a37fd24f76dfcde385890d5c5947bb6f40ca44bea86c805d267b6ae3aab39f70"
"md","mode-autonomous","core","core/bmad-brainstorming/references/mode-autonomous.md","d815d2c7f0f8cc0cdfa7c619eaf61f59fd78142f13c69365eda257da38b97bdf"
"md","mode-facilitator","core","core/bmad-brainstorming/references/mode-facilitator.md","1b908498d285d190859aed00c3ba5b399d7f6aa8e94d54e95456d15cd6fe6073"
"md","mode-partner","core","core/bmad-brainstorming/references/mode-partner.md","caa0ed378c116def4de382f4e5a95173c6ae6cc5464f1792e7d8196360f79c8a"
"md","mode-subagent","core","core/bmad-party-mode/references/mode-subagent.md","86161b24a0b13b8f9cb9309042e4249d8caefff8cc33728b084cd2ec22f9d2e1"
"md","party-memory","core","core/bmad-party-mode/references/party-memory.md","800b4b4b920bb881a7b32aaabca8559a98273799b2476d83a23e290e301fb315"
"md","process","core","core/bmad-deep-recon/references/process.md","9017d04774807a29103ea97331e555e2793f90098af65752b72f3ee09df85906"
"md","README","core","core/v6-shims/README.md","017900bb03baeddc0262041a6aa85bce744e8c45991dcde32ef042f9bc2a32b2"
"md","research.template","core","core/bmad-deep-recon/assets/research.template.md","87d7cfa85fa5036b5a309b7bfb88f7934f50bb81f3cff02d2b49b4c7345cfc38"
"md","resume","core","core/bmad-brainstorming/references/resume.md","0f79535d72eefe6c55bd5ae47fe4753de8d27235cf129f10b2c596a124c26526"
"md","run","core","core/bmad-deep-recon/references/run.md","8e259dc88820ac989c79620af5c37e24f00df21ac4af308ce3563c0e66c9406c"
"md","selection","core","core/bmad-deep-recon/references/selection.md","2b488c08f9550afe7fda32c2dc5d4591927afd7b9ad507fcce0ae8593c4b9d31"
"md","SKILL","core","core/bmad-advanced-elicitation/SKILL.md","23a1f2903f6a19255e3ceae798afe48f6394694769b3b034502d174d683612b2"
"md","SKILL","core","core/bmad-brainstorming/SKILL.md","e9cb07fe86aa254f9fb7217720d77fd693bf66a0c01af8114ecdf7148159fdd1"
"md","SKILL","core","core/bmad-customize/SKILL.md","a42086f90024013e2611503eb0224ac0e90b2aecac44a886ae0e38cfdda69511"
"md","SKILL","core","core/bmad-deep-recon/SKILL.md","dce5f7db03094a617cc3fcae1711b1dc7ccebe379376e67216544956d375f0d2"
"md","SKILL","core","core/bmad-forge-idea/SKILL.md","a838096deb871b3482dffe6163be16104f7911698b25af5617751655fd3295c9"
"md","SKILL","core","core/bmad-help/SKILL.md","68a19089a0073b299c705e9afaa8d18183e78f88a185a68e9efba2e14062effc"
"md","SKILL","core","core/bmad-party-mode/SKILL.md","de035b4e081fdd626a20114178f706ac222f519171d82b02139a7cec561a3487"
"md","SKILL","core","core/bmad-review/SKILL.md","144e6c46d9157f7a88722c56139cd78c12903b1283ed84dd9c2b1f5dfa7673c1"
"md","SKILL","core","core/v6-shims/bmad-editorial-review/SKILL.md","3b939876b4977bec7f2d3ee33a8871b266f25efc72768d72868ac26ff9158cd2"
"md","SKILL","core","core/v6-shims/bmad-editorial-review-prose/SKILL.md","153e7b0a240c3f5e49d6128ff1797aabc368618611d895f7f152e73fbcb12fab"
"md","SKILL","core","core/v6-shims/bmad-editorial-review-structure/SKILL.md","5e45da216b00aad3955a7196df6cb8e52167f441d2dcd7c064983881691bf1e8"
"md","SKILL","core","core/v6-shims/bmad-review-adversarial-general/SKILL.md","ca1d05a05eb41ec446abd862e9afe4a88b9188a3bb93bc3e70ca68ecb8740619"
"md","SKILL","core","core/v6-shims/bmad-review-edge-case-hunter/SKILL.md","f9db1d7f58c5e3f7586c10c920d4dd9d6c6d6e2dff5cd49110ec1edb387937a1"
"md","SKILL","core","core/v6-shims/bmad-review-verification-gap/SKILL.md","4ee67cc3d7355ba05d195797cb2d57d45f9046ee31781f2d133ff3484cfb53ae"
"md","structure-models","core","core/bmad-review/references/structure-models.md","f84f85070e1af75f2482757aba9d37d69d805a20826d185527e598f2ba6b9292"
"md","synthesis","core","core/bmad-deep-recon/references/synthesis.md","4d9ef1247ab45241f919010e94c99699abc0a6e18b5bd68fa93ae54afe59d172"
"md","technical","core","core/bmad-deep-recon/types/technical.md","55f71428c70547b89d67ef0c6cdad59caeb0ee21082cd1230c05618ba8d04707"
"md","user-voice","core","core/bmad-deep-recon/types/user-voice.md","1831ce46e53e8c68244d28e336c5ef9e53e64f21a00b74a817b9b2924c1e8e72"
"md","verification","core","core/bmad-deep-recon/references/verification.md","0393ded4828fec69a4819d7236827910d641d09c3b61144c0211a9a78776fdd2"
"py","brain","core","core/bmad-brainstorming/scripts/brain.py","1c75c667fc70a85055dd19d77fb21478e190874e4a61d070c3b0971dd1bd25cc"
"py","list_customizable_skills","core","core/bmad-customize/scripts/list_customizable_skills.py","8787f542930b927789e7fdf12bc5a67ff08e19865903a5ad05ff2cc8fc426b66"
"py","pick_methods","core","core/bmad-advanced-elicitation/scripts/pick_methods.py","60020ec4767894ea3d8707c4b61e78b679d434315be1dd29154bf64d88126fff"
"py","recon_kit","core","core/bmad-deep-recon/scripts/recon_kit.py","8cb5187b5114b779532907383a013d40fdea1022bb9bed9a23bd8d0fdfa79e8c"
"py","resolve_party","core","core/bmad-party-mode/scripts/resolve_party.py","0bed5ad2139f4412699c07d571c218470901b901ca4a72b441ec9308dbc8ce74"
"py","resolve_personas","core","core/bmad-forge-idea/scripts/resolve_personas.py","b3e5f2f38de013ad878d8ac9c1d4e77d555c2d665dd6c0bc16f9f567d2bbd30c"
"py","test_brain","core","core/bmad-brainstorming/scripts/tests/test_brain.py","021c0b9fae8db859725312d50d8b304fff00ee7acc310699c35523e86bffbdd8"
"py","test_list_customizable_skills","core","core/bmad-customize/scripts/tests/test_list_customizable_skills.py","24c3d384b3b5d490b7335c17866bfe0425af253ce669c32382fa88feb705934d"
"py","test_pick_methods","core","core/bmad-advanced-elicitation/scripts/tests/test_pick_methods.py","610099d8494529f9203d7262567810b500552bcef006b3b6388d58da3da71978"
"py","test_recon_kit","core","core/bmad-deep-recon/scripts/tests/test_recon_kit.py","1b4ddf482dd2d11a214ee2f821c35d7a8c41905b5d8d9cc69a293304bb8a1665"
"py","test_resolve_party","core","core/bmad-party-mode/scripts/tests/test_resolve_party.py","bb53fe03ec3013ed96c0fb399c1948f28bcf55cb2d7727fe0189343fcaa667d5"
"py","test_resolve_personas","core","core/bmad-forge-idea/scripts/tests/test_resolve_personas.py","1c4fa4b1d68bfbd10e4b38cad3c8286dad62345cebd08fe94a6862351b02855e"
"py","test_word_metrics","core","core/bmad-review/scripts/tests/test_word_metrics.py","3b5a285d3c9f611b3cda8c9c1d52d6b214c1f72e6e64a94ea5b0e220db5a8765"
"py","word_metrics","core","core/bmad-review/scripts/word_metrics.py","fb45007a7f3cfc18d13ee8bd4787facdaae297570193bc769456297dd33da78b"
"toml","customize","core","core/bmad-advanced-elicitation/customize.toml","735a276edd51786ccfd2c3417d9a2b9dee4244a6102698981b3888f68d979ed9"
"toml","customize","core","core/bmad-brainstorming/customize.toml","21fcbc60c78db99ca0424da192ba0942dce2189f350f77838e4d3ecd501edd1c"
"toml","customize","core","core/bmad-deep-recon/customize.toml","24d1383066034fd4fcf282279aaf0d29d21910fd1247dfe3dbad74a70e78814d"
"toml","customize","core","core/bmad-forge-idea/customize.toml","ef5fadd1df3550cae00b1b442606bf84d187bfd55397563f143e1057430df45c"
"toml","customize","core","core/bmad-party-mode/customize.toml","9c6ee33cd7fdd80e4adf514c3d54636d933d5250c2ddd78041c6cfe73b745bb0"
"toml","customize","core","core/bmad-review/customize.toml","38470c888a809ee030dc11d38868bb1ac5c1d547f06d218b711be5df53385c00"
"toml","customize","core","core/v6-shims/bmad-editorial-review/customize.toml","a5c5fed539e6543121e57cc29bb65559bb6391efc806bf8759c8e29697a94a34"
"yaml","config","core","core/config.yaml","e94c91f8038cd1f717228eec57d1a09276dcb068993044aeb96d9e5fcd095590"
"file",".gitignore","render","render/.gitignore","240a3e0d37d2e86b614063f5347eb02d4f99ca6c254de6b82871ff8d95532a7d"
"py","config_utils","scripts","scripts/config_utils.py","48afe2bc18a29201e343cce3703be1e70df9c83ee74eeb68e57ef8ef42e8c651"
"py","memlog","scripts","scripts/memlog.py","3b00f82ca33dc4227f715123b939514ee35c4f9c71150c894c3d8185df1b48df"
"py","render_skill","scripts","scripts/render_skill.py","8496d0d8b449d64c21b42a9aab3b13fc8a813a430c0695ffd84ad75bb1da7942"
"py","resolve_config","scripts","scripts/resolve_config.py","fc78866fd42862d486d4346d2b35705f916a19e6c07bb474f8add25c71734a8e"
"py","resolve_customization","scripts","scripts/resolve_customization.py","9b5124e0b781823a015a19d6cf5db52bbc34b6bab41c036fd1b3d464c2a137cd"
"csv","module-help","tea","tea/module-help.csv","0a718d289033627c467016f694801467c2a84347034e7ef27e4651d1715c17e4"
"csv","tea-index","tea","tea/agents/bmad-tea/resources/tea-index.csv","30ffce906680d270f9861912bbfbd82b17929dda3994065cb53d0408cda06112"
"csv","tea-index","tea","tea/workflows/testarch/bmad-testarch-atdd/resources/tea-index.csv","f223be0094e5ec17f7041c139823f9749853be5bf6ab1d95bec8a15f8c4a1bc3"
"csv","tea-index","tea","tea/workflows/testarch/bmad-testarch-automate/resources/tea-index.csv","82482e5af4e832b89c47a7e81560c3ad149784b28d4c6209757f4df9b2aa9e4b"
"csv","tea-index","tea","tea/workflows/testarch/bmad-testarch-ci/resources/tea-index.csv","82482e5af4e832b89c47a7e81560c3ad149784b28d4c6209757f4df9b2aa9e4b"
"csv","tea-index","tea","tea/workflows/testarch/bmad-testarch-framework/resources/tea-index.csv","82482e5af4e832b89c47a7e81560c3ad149784b28d4c6209757f4df9b2aa9e4b"
"csv","tea-index","tea","tea/workflows/testarch/bmad-testarch-nfr/resources/tea-index.csv","82482e5af4e832b89c47a7e81560c3ad149784b28d4c6209757f4df9b2aa9e4b"
"csv","tea-index","tea","tea/workflows/testarch/bmad-testarch-test-design/resources/tea-index.csv","82482e5af4e832b89c47a7e81560c3ad149784b28d4c6209757f4df9b2aa9e4b"
"csv","tea-index","tea","tea/workflows/testarch/bmad-testarch-test-review/resources/tea-index.csv","82482e5af4e832b89c47a7e81560c3ad149784b28d4c6209757f4df9b2aa9e4b"
"csv","tea-index","tea","tea/workflows/testarch/bmad-testarch-trace/resources/tea-index.csv","82482e5af4e832b89c47a7e81560c3ad149784b28d4c6209757f4df9b2aa9e4b"
"groovy","jenkins-pipeline-template","tea","tea/workflows/testarch/bmad-testarch-ci/jenkins-pipeline-template.groovy","f2b75c5ba3eda7537044909830ca674d794eaa929bcd032fcc2c523709b9bb77"
"md","adr-quality-readiness-checklist","tea","tea/agents/bmad-tea/resources/knowledge/adr-quality-readiness-checklist.md","a8129b16c3b2afbc1f58fe5edc73dc8f1291c172c6ca009d92f1947bef1a237e"
"md","adr-quality-readiness-checklist","tea","tea/workflows/testarch/bmad-testarch-atdd/resources/knowledge/adr-quality-readiness-checklist.md","a8129b16c3b2afbc1f58fe5edc73dc8f1291c172c6ca009d92f1947bef1a237e"
"md","adr-quality-readiness-checklist","tea","tea/workflows/testarch/bmad-testarch-automate/resources/knowledge/adr-quality-readiness-checklist.md","a8129b16c3b2afbc1f58fe5edc73dc8f1291c172c6ca009d92f1947bef1a237e"
"md","adr-quality-readiness-checklist","tea","tea/workflows/testarch/bmad-testarch-ci/resources/knowledge/adr-quality-readiness-checklist.md","a8129b16c3b2afbc1f58fe5edc73dc8f1291c172c6ca009d92f1947bef1a237e"
"md","adr-quality-readiness-checklist","tea","tea/workflows/testarch/bmad-testarch-framework/resources/knowledge/adr-quality-readiness-checklist.md","a8129b16c3b2afbc1f58fe5edc73dc8f1291c172c6ca009d92f1947bef1a237e"
"md","adr-quality-readiness-checklist","tea","tea/workflows/testarch/bmad-testarch-nfr/resources/knowledge/adr-quality-readiness-checklist.md","a8129b16c3b2afbc1f58fe5edc73dc8f1291c172c6ca009d92f1947bef1a237e"
"md","adr-quality-readiness-checklist","tea","tea/workflows/testarch/bmad-testarch-test-design/resources/knowledge/adr-quality-readiness-checklist.md","a8129b16c3b2afbc1f58fe5edc73dc8f1291c172c6ca009d92f1947bef1a237e"
"md","adr-quality-readiness-checklist","tea","tea/workflows/testarch/bmad-testarch-test-review/resources/knowledge/adr-quality-readiness-checklist.md","a8129b16c3b2afbc1f58fe5edc73dc8f1291c172c6ca009d92f1947bef1a237e"
"md","adr-quality-readiness-checklist","tea","tea/workflows/testarch/bmad-testarch-trace/resources/knowledge/adr-quality-readiness-checklist.md","a8129b16c3b2afbc1f58fe5edc73dc8f1291c172c6ca009d92f1947bef1a237e"
"md","api-request","tea","tea/agents/bmad-tea/resources/knowledge/api-request.md","d14f6e26151c48424d60cde5db81c0ffc8ec72eaf3357f27b4e137f222a4c4e3"
"md","api-request","tea","tea/workflows/testarch/bmad-testarch-atdd/resources/knowledge/api-request.md","d14f6e26151c48424d60cde5db81c0ffc8ec72eaf3357f27b4e137f222a4c4e3"
"md","api-request","tea","tea/workflows/testarch/bmad-testarch-automate/resources/knowledge/api-request.md","d14f6e26151c48424d60cde5db81c0ffc8ec72eaf3357f27b4e137f222a4c4e3"
"md","api-request","tea","tea/workflows/testarch/bmad-testarch-ci/resources/knowledge/api-request.md","d14f6e26151c48424d60cde5db81c0ffc8ec72eaf3357f27b4e137f222a4c4e3"
"md","api-request","tea","tea/workflows/testarch/bmad-testarch-framework/resources/knowledge/api-request.md","d14f6e26151c48424d60cde5db81c0ffc8ec72eaf3357f27b4e137f222a4c4e3"
"md","api-request","tea","tea/workflows/testarch/bmad-testarch-nfr/resources/knowledge/api-request.md","d14f6e26151c48424d60cde5db81c0ffc8ec72eaf3357f27b4e137f222a4c4e3"
"md","api-request","tea","tea/workflows/testarch/bmad-testarch-test-design/resources/knowledge/api-request.md","d14f6e26151c48424d60cde5db81c0ffc8ec72eaf3357f27b4e137f222a4c4e3"
"md","api-request","tea","tea/workflows/testarch/bmad-testarch-test-review/resources/knowledge/api-request.md","d14f6e26151c48424d60cde5db81c0ffc8ec72eaf3357f27b4e137f222a4c4e3"
"md","api-request","tea","tea/workflows/testarch/bmad-testarch-trace/resources/knowledge/api-request.md","d14f6e26151c48424d60cde5db81c0ffc8ec72eaf3357f27b4e137f222a4c4e3"
"md","api-testing-patterns","tea","tea/agents/bmad-tea/resources/knowledge/api-testing-patterns.md","4b1b7069737d4916853f1393d1cd804ce7061454ad250fb919046a78b77c2648"
"md","api-testing-patterns","tea","tea/workflows/testarch/bmad-testarch-atdd/resources/knowledge/api-testing-patterns.md","4b1b7069737d4916853f1393d1cd804ce7061454ad250fb919046a78b77c2648"
"md","api-testing-patterns","tea","tea/workflows/testarch/bmad-testarch-automate/resources/knowledge/api-testing-patterns.md","4b1b7069737d4916853f1393d1cd804ce7061454ad250fb919046a78b77c2648"
"md","api-testing-patterns","tea","tea/workflows/testarch/bmad-testarch-ci/resources/knowledge/api-testing-patterns.md","4b1b7069737d4916853f1393d1cd804ce7061454ad250fb919046a78b77c2648"
"md","api-testing-patterns","tea","tea/workflows/testarch/bmad-testarch-framework/resources/knowledge/api-testing-patterns.md","4b1b7069737d4916853f1393d1cd804ce7061454ad250fb919046a78b77c2648"
"md","api-testing-patterns","tea","tea/workflows/testarch/bmad-testarch-nfr/resources/knowledge/api-testing-patterns.md","4b1b7069737d4916853f1393d1cd804ce7061454ad250fb919046a78b77c2648"
"md","api-testing-patterns","tea","tea/workflows/testarch/bmad-testarch-test-design/resources/knowledge/api-testing-patterns.md","4b1b7069737d4916853f1393d1cd804ce7061454ad250fb919046a78b77c2648"
"md","api-testing-patterns","tea","tea/workflows/testarch/bmad-testarch-test-review/resources/knowledge/api-testing-patterns.md","4b1b7069737d4916853f1393d1cd804ce7061454ad250fb919046a78b77c2648"
"md","api-testing-patterns","tea","tea/workflows/testarch/bmad-testarch-trace/resources/knowledge/api-testing-patterns.md","4b1b7069737d4916853f1393d1cd804ce7061454ad250fb919046a78b77c2648"
"md","atdd-checklist-template","tea","tea/workflows/testarch/bmad-testarch-atdd/atdd-checklist-template.md","0e3bf28e90ebed75da01fd5a02101cf535333ddd641871c434c68455bbdeede7"
"md","auth-session","tea","tea/agents/bmad-tea/resources/knowledge/auth-session.md","2b3de2a9468caf85f0e47ba9d79b142f424b6c10e3a342c264f1cf73d2f70ddc"
"md","auth-session","tea","tea/workflows/testarch/bmad-testarch-atdd/resources/knowledge/auth-session.md","2b3de2a9468caf85f0e47ba9d79b142f424b6c10e3a342c264f1cf73d2f70ddc"
"md","auth-session","tea","tea/workflows/testarch/bmad-testarch-automate/resources/knowledge/auth-session.md","2b3de2a9468caf85f0e47ba9d79b142f424b6c10e3a342c264f1cf73d2f70ddc"
"md","auth-session","tea","tea/workflows/testarch/bmad-testarch-ci/resources/knowledge/auth-session.md","2b3de2a9468caf85f0e47ba9d79b142f424b6c10e3a342c264f1cf73d2f70ddc"
"md","auth-session","tea","tea/workflows/testarch/bmad-testarch-framework/resources/knowledge/auth-session.md","2b3de2a9468caf85f0e47ba9d79b142f424b6c10e3a342c264f1cf73d2f70ddc"
"md","auth-session","tea","tea/workflows/testarch/bmad-testarch-nfr/resources/knowledge/auth-session.md","2b3de2a9468caf85f0e47ba9d79b142f424b6c10e3a342c264f1cf73d2f70ddc"
"md","auth-session","tea","tea/workflows/testarch/bmad-testarch-test-design/resources/knowledge/auth-session.md","2b3de2a9468caf85f0e47ba9d79b142f424b6c10e3a342c264f1cf73d2f70ddc"
"md","auth-session","tea","tea/workflows/testarch/bmad-testarch-test-review/resources/knowledge/auth-session.md","2b3de2a9468caf85f0e47ba9d79b142f424b6c10e3a342c264f1cf73d2f70ddc"
"md","auth-session","tea","tea/workflows/testarch/bmad-testarch-trace/resources/knowledge/auth-session.md","2b3de2a9468caf85f0e47ba9d79b142f424b6c10e3a342c264f1cf73d2f70ddc"
"md","burn-in","tea","tea/agents/bmad-tea/resources/knowledge/burn-in.md","5ba3d2abe6b961e5bc3948ab165e801195bff3ee6e66569c00c219b484aa4b5d"
"md","burn-in","tea","tea/workflows/testarch/bmad-testarch-atdd/resources/knowledge/burn-in.md","5ba3d2abe6b961e5bc3948ab165e801195bff3ee6e66569c00c219b484aa4b5d"
"md","burn-in","tea","tea/workflows/testarch/bmad-testarch-automate/resources/knowledge/burn-in.md","5ba3d2abe6b961e5bc3948ab165e801195bff3ee6e66569c00c219b484aa4b5d"
"md","burn-in","tea","tea/workflows/testarch/bmad-testarch-ci/resources/knowledge/burn-in.md","5ba3d2abe6b961e5bc3948ab165e801195bff3ee6e66569c00c219b484aa4b5d"
"md","burn-in","tea","tea/workflows/testarch/bmad-testarch-framework/resources/knowledge/burn-in.md","5ba3d2abe6b961e5bc3948ab165e801195bff3ee6e66569c00c219b484aa4b5d"
"md","burn-in","tea","tea/workflows/testarch/bmad-testarch-nfr/resources/knowledge/burn-in.md","5ba3d2abe6b961e5bc3948ab165e801195bff3ee6e66569c00c219b484aa4b5d"
"md","burn-in","tea","tea/workflows/testarch/bmad-testarch-test-design/resources/knowledge/burn-in.md","5ba3d2abe6b961e5bc3948ab165e801195bff3ee6e66569c00c219b484aa4b5d"
"md","burn-in","tea","tea/workflows/testarch/bmad-testarch-test-review/resources/knowledge/burn-in.md","5ba3d2abe6b961e5bc3948ab165e801195bff3ee6e66569c00c219b484aa4b5d"
"md","burn-in","tea","tea/workflows/testarch/bmad-testarch-trace/resources/knowledge/burn-in.md","5ba3d2abe6b961e5bc3948ab165e801195bff3ee6e66569c00c219b484aa4b5d"
"md","certificate-template","tea","tea/workflows/testarch/bmad-teach-me-testing/templates/certificate-template.md","a487c7b81896030eca7541019d680d5ef0a69a446ce26d7285a88110d8ee270d"
"md","checklist","tea","tea/workflows/testarch/bmad-teach-me-testing/checklist.md","76e2c99181613e83a5e11337bd607fe1365fef18a5d249767d56351be7fc4098"
"md","checklist","tea","tea/workflows/testarch/bmad-testarch-atdd/checklist.md","3e4eced6eef7b926ca48b81f6bace068f00db4f9a299469d6a841f90671b4b15"
"md","checklist","tea","tea/workflows/testarch/bmad-testarch-automate/checklist.md","cd132e3d4cf6e8164d0483e3f4abaa47e3ae81684d15673868a09de8d66fe94f"
"md","checklist","tea","tea/workflows/testarch/bmad-testarch-ci/checklist.md","a8b45cb926b53b6e16419db396c6f4c21aafb9a4022698971bcbd8622e805037"
"md","checklist","tea","tea/workflows/testarch/bmad-testarch-framework/checklist.md","d882289c2e7217fea3fba03c6824a52a5c3a850094345ae8bdcec7c1088a661f"
"md","checklist","tea","tea/workflows/testarch/bmad-testarch-nfr/checklist.md","166514f484d856d3ecf67c22af666f9c7c806a77f0b503e35fa0960ca8fb6470"
"md","checklist","tea","tea/workflows/testarch/bmad-testarch-test-design/checklist.md","7b4aa0862112166437f1b4342b1d42da962d475c0bc40237d4ed2bb545e3095e"
"md","checklist","tea","tea/workflows/testarch/bmad-testarch-test-review/checklist.md","b88bf4806473ef22cd7141ba6bde9911bee109e5fd49b27896213c3bb46a2760"
"md","checklist","tea","tea/workflows/testarch/bmad-testarch-trace/checklist.md","b2a024cd86cc9f4132a4d32f5991212ec8a95bca780ebe867d529981c76e3ec5"
"md","ci-burn-in","tea","tea/agents/bmad-tea/resources/knowledge/ci-burn-in.md","cc9ca53c62b910872e399ec1d378542e211e70563ddbce9aba84af253e0c74ac"
"md","ci-burn-in","tea","tea/workflows/testarch/bmad-testarch-atdd/resources/knowledge/ci-burn-in.md","cc9ca53c62b910872e399ec1d378542e211e70563ddbce9aba84af253e0c74ac"
"md","ci-burn-in","tea","tea/workflows/testarch/bmad-testarch-automate/resources/knowledge/ci-burn-in.md","cc9ca53c62b910872e399ec1d378542e211e70563ddbce9aba84af253e0c74ac"
"md","ci-burn-in","tea","tea/workflows/testarch/bmad-testarch-ci/resources/knowledge/ci-burn-in.md","cc9ca53c62b910872e399ec1d378542e211e70563ddbce9aba84af253e0c74ac"
"md","ci-burn-in","tea","tea/workflows/testarch/bmad-testarch-framework/resources/knowledge/ci-burn-in.md","cc9ca53c62b910872e399ec1d378542e211e70563ddbce9aba84af253e0c74ac"
"md","ci-burn-in","tea","tea/workflows/testarch/bmad-testarch-nfr/resources/knowledge/ci-burn-in.md","cc9ca53c62b910872e399ec1d378542e211e70563ddbce9aba84af253e0c74ac"
"md","ci-burn-in","tea","tea/workflows/testarch/bmad-testarch-test-design/resources/knowledge/ci-burn-in.md","cc9ca53c62b910872e399ec1d378542e211e70563ddbce9aba84af253e0c74ac"
"md","ci-burn-in","tea","tea/workflows/testarch/bmad-testarch-test-review/resources/knowledge/ci-burn-in.md","cc9ca53c62b910872e399ec1d378542e211e70563ddbce9aba84af253e0c74ac"
"md","ci-burn-in","tea","tea/workflows/testarch/bmad-testarch-trace/resources/knowledge/ci-burn-in.md","cc9ca53c62b910872e399ec1d378542e211e70563ddbce9aba84af253e0c74ac"
"md","component-tdd","tea","tea/agents/bmad-tea/resources/knowledge/component-tdd.md","88bd1f9ca1d5bcd1552828845fe80b86ff3acdf071bac574eda744caf7120ef8"
"md","component-tdd","tea","tea/workflows/testarch/bmad-testarch-atdd/resources/knowledge/component-tdd.md","88bd1f9ca1d5bcd1552828845fe80b86ff3acdf071bac574eda744caf7120ef8"
"md","component-tdd","tea","tea/workflows/testarch/bmad-testarch-automate/resources/knowledge/component-tdd.md","88bd1f9ca1d5bcd1552828845fe80b86ff3acdf071bac574eda744caf7120ef8"
"md","component-tdd","tea","tea/workflows/testarch/bmad-testarch-ci/resources/knowledge/component-tdd.md","88bd1f9ca1d5bcd1552828845fe80b86ff3acdf071bac574eda744caf7120ef8"
"md","component-tdd","tea","tea/workflows/testarch/bmad-testarch-framework/resources/knowledge/component-tdd.md","88bd1f9ca1d5bcd1552828845fe80b86ff3acdf071bac574eda744caf7120ef8"
"md","component-tdd","tea","tea/workflows/testarch/bmad-testarch-nfr/resources/knowledge/component-tdd.md","88bd1f9ca1d5bcd1552828845fe80b86ff3acdf071bac574eda744caf7120ef8"
"md","component-tdd","tea","tea/workflows/testarch/bmad-testarch-test-design/resources/knowledge/component-tdd.md","88bd1f9ca1d5bcd1552828845fe80b86ff3acdf071bac574eda744caf7120ef8"
"md","component-tdd","tea","tea/workflows/testarch/bmad-testarch-test-review/resources/knowledge/component-tdd.md","88bd1f9ca1d5bcd1552828845fe80b86ff3acdf071bac574eda744caf7120ef8"
"md","component-tdd","tea","tea/workflows/testarch/bmad-testarch-trace/resources/knowledge/component-tdd.md","88bd1f9ca1d5bcd1552828845fe80b86ff3acdf071bac574eda744caf7120ef8"
"md","confidence-gate","tea","tea/agents/bmad-tea/resources/knowledge/confidence-gate.md","7f1efe0240565332e0c0cecf62e2ef1882ef8d800b9be64a6f622cee9a8fdfab"
"md","contract-testing","tea","tea/agents/bmad-tea/resources/knowledge/contract-testing.md","50eb0f0f742c0b0a28490695f7e92791180cf155fa6adee6230755e74eecc9db"
"md","contract-testing","tea","tea/workflows/testarch/bmad-testarch-atdd/resources/knowledge/contract-testing.md","c24c20a624105e21bf712e32e8d4883b3415ba3b377c2f4f5a1721787798451b"
"md","contract-testing","tea","tea/workflows/testarch/bmad-testarch-automate/resources/knowledge/contract-testing.md","a30e5ae58823694b50919b565fee980cba98f80462bbf5166e26ac2d7e3c37f8"
"md","contract-testing","tea","tea/workflows/testarch/bmad-testarch-ci/resources/knowledge/contract-testing.md","a30e5ae58823694b50919b565fee980cba98f80462bbf5166e26ac2d7e3c37f8"
"md","contract-testing","tea","tea/workflows/testarch/bmad-testarch-framework/resources/knowledge/contract-testing.md","a30e5ae58823694b50919b565fee980cba98f80462bbf5166e26ac2d7e3c37f8"
"md","contract-testing","tea","tea/workflows/testarch/bmad-testarch-nfr/resources/knowledge/contract-testing.md","a30e5ae58823694b50919b565fee980cba98f80462bbf5166e26ac2d7e3c37f8"
"md","contract-testing","tea","tea/workflows/testarch/bmad-testarch-test-design/resources/knowledge/contract-testing.md","a30e5ae58823694b50919b565fee980cba98f80462bbf5166e26ac2d7e3c37f8"
"md","contract-testing","tea","tea/workflows/testarch/bmad-testarch-test-review/resources/knowledge/contract-testing.md","a30e5ae58823694b50919b565fee980cba98f80462bbf5166e26ac2d7e3c37f8"
"md","contract-testing","tea","tea/workflows/testarch/bmad-testarch-trace/resources/knowledge/contract-testing.md","a30e5ae58823694b50919b565fee980cba98f80462bbf5166e26ac2d7e3c37f8"
"md","data-factories","tea","tea/agents/bmad-tea/resources/knowledge/data-factories.md","d7428fe7675da02b6f5c4c03213fc5e542063f61ab033efb47c1c5669b835d88"
"md","data-factories","tea","tea/workflows/testarch/bmad-testarch-atdd/resources/knowledge/data-factories.md","d7428fe7675da02b6f5c4c03213fc5e542063f61ab033efb47c1c5669b835d88"
"md","data-factories","tea","tea/workflows/testarch/bmad-testarch-automate/resources/knowledge/data-factories.md","d7428fe7675da02b6f5c4c03213fc5e542063f61ab033efb47c1c5669b835d88"
"md","data-factories","tea","tea/workflows/testarch/bmad-testarch-ci/resources/knowledge/data-factories.md","d7428fe7675da02b6f5c4c03213fc5e542063f61ab033efb47c1c5669b835d88"
"md","data-factories","tea","tea/workflows/testarch/bmad-testarch-framework/resources/knowledge/data-factories.md","d7428fe7675da02b6f5c4c03213fc5e542063f61ab033efb47c1c5669b835d88"
"md","data-factories","tea","tea/workflows/testarch/bmad-testarch-nfr/resources/knowledge/data-factories.md","d7428fe7675da02b6f5c4c03213fc5e542063f61ab033efb47c1c5669b835d88"
"md","data-factories","tea","tea/workflows/testarch/bmad-testarch-test-design/resources/knowledge/data-factories.md","d7428fe7675da02b6f5c4c03213fc5e542063f61ab033efb47c1c5669b835d88"
"md","data-factories","tea","tea/workflows/testarch/bmad-testarch-test-review/resources/knowledge/data-factories.md","d7428fe7675da02b6f5c4c03213fc5e542063f61ab033efb47c1c5669b835d88"
"md","data-factories","tea","tea/workflows/testarch/bmad-testarch-trace/resources/knowledge/data-factories.md","d7428fe7675da02b6f5c4c03213fc5e542063f61ab033efb47c1c5669b835d88"
"md","email-auth","tea","tea/agents/bmad-tea/resources/knowledge/email-auth.md","43f4cc3138a905a91f4a69f358be6664a790b192811b4dfc238188e826f6b41b"
"md","email-auth","tea","tea/workflows/testarch/bmad-testarch-atdd/resources/knowledge/email-auth.md","43f4cc3138a905a91f4a69f358be6664a790b192811b4dfc238188e826f6b41b"
"md","email-auth","tea","tea/workflows/testarch/bmad-testarch-automate/resources/knowledge/email-auth.md","43f4cc3138a905a91f4a69f358be6664a790b192811b4dfc238188e826f6b41b"
"md","email-auth","tea","tea/workflows/testarch/bmad-testarch-ci/resources/knowledge/email-auth.md","43f4cc3138a905a91f4a69f358be6664a790b192811b4dfc238188e826f6b41b"
"md","email-auth","tea","tea/workflows/testarch/bmad-testarch-framework/resources/knowledge/email-auth.md","43f4cc3138a905a91f4a69f358be6664a790b192811b4dfc238188e826f6b41b"
"md","email-auth","tea","tea/workflows/testarch/bmad-testarch-nfr/resources/knowledge/email-auth.md","43f4cc3138a905a91f4a69f358be6664a790b192811b4dfc238188e826f6b41b"
"md","email-auth","tea","tea/workflows/testarch/bmad-testarch-test-design/resources/knowledge/email-auth.md","43f4cc3138a905a91f4a69f358be6664a790b192811b4dfc238188e826f6b41b"
"md","email-auth","tea","tea/workflows/testarch/bmad-testarch-test-review/resources/knowledge/email-auth.md","43f4cc3138a905a91f4a69f358be6664a790b192811b4dfc238188e826f6b41b"
"md","email-auth","tea","tea/workflows/testarch/bmad-testarch-trace/resources/knowledge/email-auth.md","43f4cc3138a905a91f4a69f358be6664a790b192811b4dfc238188e826f6b41b"
"md","error-handling","tea","tea/agents/bmad-tea/resources/knowledge/error-handling.md","38975ebe2655b4d85035d8e740aef63fdef63dc31f9acf530142788060f62153"
"md","error-handling","tea","tea/workflows/testarch/bmad-testarch-atdd/resources/knowledge/error-handling.md","38975ebe2655b4d85035d8e740aef63fdef63dc31f9acf530142788060f62153"
"md","error-handling","tea","tea/workflows/testarch/bmad-testarch-automate/resources/knowledge/error-handling.md","38975ebe2655b4d85035d8e740aef63fdef63dc31f9acf530142788060f62153"
"md","error-handling","tea","tea/workflows/testarch/bmad-testarch-ci/resources/knowledge/error-handling.md","38975ebe2655b4d85035d8e740aef63fdef63dc31f9acf530142788060f62153"
"md","error-handling","tea","tea/workflows/testarch/bmad-testarch-framework/resources/knowledge/error-handling.md","38975ebe2655b4d85035d8e740aef63fdef63dc31f9acf530142788060f62153"
"md","error-handling","tea","tea/workflows/testarch/bmad-testarch-nfr/resources/knowledge/error-handling.md","38975ebe2655b4d85035d8e740aef63fdef63dc31f9acf530142788060f62153"
"md","error-handling","tea","tea/workflows/testarch/bmad-testarch-test-design/resources/knowledge/error-handling.md","38975ebe2655b4d85035d8e740aef63fdef63dc31f9acf530142788060f62153"
"md","error-handling","tea","tea/workflows/testarch/bmad-testarch-test-review/resources/knowledge/error-handling.md","38975ebe2655b4d85035d8e740aef63fdef63dc31f9acf530142788060f62153"
"md","error-handling","tea","tea/workflows/testarch/bmad-testarch-trace/resources/knowledge/error-handling.md","38975ebe2655b4d85035d8e740aef63fdef63dc31f9acf530142788060f62153"
"md","feature-flags","tea","tea/agents/bmad-tea/resources/knowledge/feature-flags.md","5b3cf037169719e69d468ff2ecfc94711bc41fd3e330c6f81a404163bb09fdba"
"md","feature-flags","tea","tea/workflows/testarch/bmad-testarch-atdd/resources/knowledge/feature-flags.md","5b3cf037169719e69d468ff2ecfc94711bc41fd3e330c6f81a404163bb09fdba"
"md","feature-flags","tea","tea/workflows/testarch/bmad-testarch-automate/resources/knowledge/feature-flags.md","5b3cf037169719e69d468ff2ecfc94711bc41fd3e330c6f81a404163bb09fdba"
"md","feature-flags","tea","tea/workflows/testarch/bmad-testarch-ci/resources/knowledge/feature-flags.md","5b3cf037169719e69d468ff2ecfc94711bc41fd3e330c6f81a404163bb09fdba"
"md","feature-flags","tea","tea/workflows/testarch/bmad-testarch-framework/resources/knowledge/feature-flags.md","5b3cf037169719e69d468ff2ecfc94711bc41fd3e330c6f81a404163bb09fdba"
"md","feature-flags","tea","tea/workflows/testarch/bmad-testarch-nfr/resources/knowledge/feature-flags.md","5b3cf037169719e69d468ff2ecfc94711bc41fd3e330c6f81a404163bb09fdba"
"md","feature-flags","tea","tea/workflows/testarch/bmad-testarch-test-design/resources/knowledge/feature-flags.md","5b3cf037169719e69d468ff2ecfc94711bc41fd3e330c6f81a404163bb09fdba"
"md","feature-flags","tea","tea/workflows/testarch/bmad-testarch-test-review/resources/knowledge/feature-flags.md","5b3cf037169719e69d468ff2ecfc94711bc41fd3e330c6f81a404163bb09fdba"
"md","feature-flags","tea","tea/workflows/testarch/bmad-testarch-trace/resources/knowledge/feature-flags.md","5b3cf037169719e69d468ff2ecfc94711bc41fd3e330c6f81a404163bb09fdba"
"md","file-utils","tea","tea/agents/bmad-tea/resources/knowledge/file-utils.md","7d1092930118fb160b9c0a4a48c398d9b08bb909d1e2432662d8e81e1e3b0087"
"md","file-utils","tea","tea/workflows/testarch/bmad-testarch-atdd/resources/knowledge/file-utils.md","7d1092930118fb160b9c0a4a48c398d9b08bb909d1e2432662d8e81e1e3b0087"
"md","file-utils","tea","tea/workflows/testarch/bmad-testarch-automate/resources/knowledge/file-utils.md","7d1092930118fb160b9c0a4a48c398d9b08bb909d1e2432662d8e81e1e3b0087"
"md","file-utils","tea","tea/workflows/testarch/bmad-testarch-ci/resources/knowledge/file-utils.md","7d1092930118fb160b9c0a4a48c398d9b08bb909d1e2432662d8e81e1e3b0087"
"md","file-utils","tea","tea/workflows/testarch/bmad-testarch-framework/resources/knowledge/file-utils.md","7d1092930118fb160b9c0a4a48c398d9b08bb909d1e2432662d8e81e1e3b0087"
"md","file-utils","tea","tea/workflows/testarch/bmad-testarch-nfr/resources/knowledge/file-utils.md","7d1092930118fb160b9c0a4a48c398d9b08bb909d1e2432662d8e81e1e3b0087"
"md","file-utils","tea","tea/workflows/testarch/bmad-testarch-test-design/resources/knowledge/file-utils.md","7d1092930118fb160b9c0a4a48c398d9b08bb909d1e2432662d8e81e1e3b0087"
"md","file-utils","tea","tea/workflows/testarch/bmad-testarch-test-review/resources/knowledge/file-utils.md","7d1092930118fb160b9c0a4a48c398d9b08bb909d1e2432662d8e81e1e3b0087"
"md","file-utils","tea","tea/workflows/testarch/bmad-testarch-trace/resources/knowledge/file-utils.md","7d1092930118fb160b9c0a4a48c398d9b08bb909d1e2432662d8e81e1e3b0087"
"md","fixture-architecture","tea","tea/agents/bmad-tea/resources/knowledge/fixture-architecture.md","c0c62381e7a0385fe0d8b59861a3756994d3bbc673e4605ded9607d5217c7e55"
"md","fixture-architecture","tea","tea/workflows/testarch/bmad-testarch-atdd/resources/knowledge/fixture-architecture.md","c0c62381e7a0385fe0d8b59861a3756994d3bbc673e4605ded9607d5217c7e55"
"md","fixture-architecture","tea","tea/workflows/testarch/bmad-testarch-automate/resources/knowledge/fixture-architecture.md","c0c62381e7a0385fe0d8b59861a3756994d3bbc673e4605ded9607d5217c7e55"
"md","fixture-architecture","tea","tea/workflows/testarch/bmad-testarch-ci/resources/knowledge/fixture-architecture.md","c0c62381e7a0385fe0d8b59861a3756994d3bbc673e4605ded9607d5217c7e55"
"md","fixture-architecture","tea","tea/workflows/testarch/bmad-testarch-framework/resources/knowledge/fixture-architecture.md","c0c62381e7a0385fe0d8b59861a3756994d3bbc673e4605ded9607d5217c7e55"
"md","fixture-architecture","tea","tea/workflows/testarch/bmad-testarch-nfr/resources/knowledge/fixture-architecture.md","c0c62381e7a0385fe0d8b59861a3756994d3bbc673e4605ded9607d5217c7e55"
"md","fixture-architecture","tea","tea/workflows/testarch/bmad-testarch-test-design/resources/knowledge/fixture-architecture.md","c0c62381e7a0385fe0d8b59861a3756994d3bbc673e4605ded9607d5217c7e55"
"md","fixture-architecture","tea","tea/workflows/testarch/bmad-testarch-test-review/resources/knowledge/fixture-architecture.md","c0c62381e7a0385fe0d8b59861a3756994d3bbc673e4605ded9607d5217c7e55"
"md","fixture-architecture","tea","tea/workflows/testarch/bmad-testarch-trace/resources/knowledge/fixture-architecture.md","c0c62381e7a0385fe0d8b59861a3756994d3bbc673e4605ded9607d5217c7e55"
"md","fixtures-composition","tea","tea/agents/bmad-tea/resources/knowledge/fixtures-composition.md","8e57a897663a272fd603026aeec76941543c1e09d129e377846726fd405f3a5a"
"md","fixtures-composition","tea","tea/workflows/testarch/bmad-testarch-atdd/resources/knowledge/fixtures-composition.md","8e57a897663a272fd603026aeec76941543c1e09d129e377846726fd405f3a5a"
"md","fixtures-composition","tea","tea/workflows/testarch/bmad-testarch-automate/resources/knowledge/fixtures-composition.md","8e57a897663a272fd603026aeec76941543c1e09d129e377846726fd405f3a5a"
"md","fixtures-composition","tea","tea/workflows/testarch/bmad-testarch-ci/resources/knowledge/fixtures-composition.md","8e57a897663a272fd603026aeec76941543c1e09d129e377846726fd405f3a5a"
"md","fixtures-composition","tea","tea/workflows/testarch/bmad-testarch-framework/resources/knowledge/fixtures-composition.md","8e57a897663a272fd603026aeec76941543c1e09d129e377846726fd405f3a5a"
"md","fixtures-composition","tea","tea/workflows/testarch/bmad-testarch-nfr/resources/knowledge/fixtures-composition.md","8e57a897663a272fd603026aeec76941543c1e09d129e377846726fd405f3a5a"
"md","fixtures-composition","tea","tea/workflows/testarch/bmad-testarch-test-design/resources/knowledge/fixtures-composition.md","8e57a897663a272fd603026aeec76941543c1e09d129e377846726fd405f3a5a"
"md","fixtures-composition","tea","tea/workflows/testarch/bmad-testarch-test-review/resources/knowledge/fixtures-composition.md","8e57a897663a272fd603026aeec76941543c1e09d129e377846726fd405f3a5a"
"md","fixtures-composition","tea","tea/workflows/testarch/bmad-testarch-trace/resources/knowledge/fixtures-composition.md","8e57a897663a272fd603026aeec76941543c1e09d129e377846726fd405f3a5a"
"md","instructions","tea","tea/workflows/testarch/bmad-teach-me-testing/instructions.md","bfbed3132991d422ef3d1d7194d410fb30d0c61e7e66c3349a4374de0d7b71e3"
"md","instructions","tea","tea/workflows/testarch/bmad-testarch-atdd/instructions.md","930807db5daa3a366fa9c5644a99ebae8018dce5c15fe87a6bc85506fff141bb"
"md","instructions","tea","tea/workflows/testarch/bmad-testarch-automate/instructions.md","75fa59f76165af6a4279e4a39c754b97dbd9ce17eec6b71672d126edec974d51"
"md","instructions","tea","tea/workflows/testarch/bmad-testarch-ci/instructions.md","cd8905705533b59d860b40bcac0f1f2769369ede753a2ca91fe722e6f7b42cdc"
"md","instructions","tea","tea/workflows/testarch/bmad-testarch-framework/instructions.md","767733b4bbfcd8d1da152fa4daec859d4a4966a1df862a25369fba0d58fac7c5"
"md","instructions","tea","tea/workflows/testarch/bmad-testarch-nfr/instructions.md","e1b76e269125ddbf076c31101795a9f097f6cc38305dac0a0df280549eff1700"
"md","instructions","tea","tea/workflows/testarch/bmad-testarch-test-design/instructions.md","642ee8fa5895afa818894df00227e49cc7692ac4f6b2453bc5f9e9bb66ec6a7d"
"md","instructions","tea","tea/workflows/testarch/bmad-testarch-test-review/instructions.md","4e485179170a22082906cbb862a2ccaf8c1b30aedcc3f9fc31f76ad2f1400308"
"md","instructions","tea","tea/workflows/testarch/bmad-testarch-trace/instructions.md","e2ba1137a3beb1be685e2282a431ceab2edcf71191992b75a11752099e8d52b3"
"md","intercept-network-call","tea","tea/agents/bmad-tea/resources/knowledge/intercept-network-call.md","ac8213cc28a9f9c452a6fb419356dd1d66ce495d7f29d188fcb1bb51456ba869"
"md","intercept-network-call","tea","tea/workflows/testarch/bmad-testarch-atdd/resources/knowledge/intercept-network-call.md","ac8213cc28a9f9c452a6fb419356dd1d66ce495d7f29d188fcb1bb51456ba869"
"md","intercept-network-call","tea","tea/workflows/testarch/bmad-testarch-automate/resources/knowledge/intercept-network-call.md","ac8213cc28a9f9c452a6fb419356dd1d66ce495d7f29d188fcb1bb51456ba869"
"md","intercept-network-call","tea","tea/workflows/testarch/bmad-testarch-ci/resources/knowledge/intercept-network-call.md","ac8213cc28a9f9c452a6fb419356dd1d66ce495d7f29d188fcb1bb51456ba869"
"md","intercept-network-call","tea","tea/workflows/testarch/bmad-testarch-framework/resources/knowledge/intercept-network-call.md","ac8213cc28a9f9c452a6fb419356dd1d66ce495d7f29d188fcb1bb51456ba869"
"md","intercept-network-call","tea","tea/workflows/testarch/bmad-testarch-nfr/resources/knowledge/intercept-network-call.md","ac8213cc28a9f9c452a6fb419356dd1d66ce495d7f29d188fcb1bb51456ba869"
"md","intercept-network-call","tea","tea/workflows/testarch/bmad-testarch-test-design/resources/knowledge/intercept-network-call.md","ac8213cc28a9f9c452a6fb419356dd1d66ce495d7f29d188fcb1bb51456ba869"
"md","intercept-network-call","tea","tea/workflows/testarch/bmad-testarch-test-review/resources/knowledge/intercept-network-call.md","ac8213cc28a9f9c452a6fb419356dd1d66ce495d7f29d188fcb1bb51456ba869"
"md","intercept-network-call","tea","tea/workflows/testarch/bmad-testarch-trace/resources/knowledge/intercept-network-call.md","ac8213cc28a9f9c452a6fb419356dd1d66ce495d7f29d188fcb1bb51456ba869"
"md","log","tea","tea/agents/bmad-tea/resources/knowledge/log.md","54b09992275e1ab361bf109b342a7d487cbb5bafa4e9cc48b320a1a5eb11857f"
"md","log","tea","tea/workflows/testarch/bmad-testarch-atdd/resources/knowledge/log.md","54b09992275e1ab361bf109b342a7d487cbb5bafa4e9cc48b320a1a5eb11857f"
"md","log","tea","tea/workflows/testarch/bmad-testarch-automate/resources/knowledge/log.md","54b09992275e1ab361bf109b342a7d487cbb5bafa4e9cc48b320a1a5eb11857f"
"md","log","tea","tea/workflows/testarch/bmad-testarch-ci/resources/knowledge/log.md","54b09992275e1ab361bf109b342a7d487cbb5bafa4e9cc48b320a1a5eb11857f"
"md","log","tea","tea/workflows/testarch/bmad-testarch-framework/resources/knowledge/log.md","54b09992275e1ab361bf109b342a7d487cbb5bafa4e9cc48b320a1a5eb11857f"
"md","log","tea","tea/workflows/testarch/bmad-testarch-nfr/resources/knowledge/log.md","54b09992275e1ab361bf109b342a7d487cbb5bafa4e9cc48b320a1a5eb11857f"
"md","log","tea","tea/workflows/testarch/bmad-testarch-test-design/resources/knowledge/log.md","54b09992275e1ab361bf109b342a7d487cbb5bafa4e9cc48b320a1a5eb11857f"
"md","log","tea","tea/workflows/testarch/bmad-testarch-test-review/resources/knowledge/log.md","54b09992275e1ab361bf109b342a7d487cbb5bafa4e9cc48b320a1a5eb11857f"
"md","log","tea","tea/workflows/testarch/bmad-testarch-trace/resources/knowledge/log.md","54b09992275e1ab361bf109b342a7d487cbb5bafa4e9cc48b320a1a5eb11857f"
"md","network-error-monitor","tea","tea/agents/bmad-tea/resources/knowledge/network-error-monitor.md","c9041fd4af8162580a12c7adad79fdf7539fae7d6717fe7dace05e851c1b734c"
"md","network-error-monitor","tea","tea/workflows/testarch/bmad-testarch-atdd/resources/knowledge/network-error-monitor.md","c9041fd4af8162580a12c7adad79fdf7539fae7d6717fe7dace05e851c1b734c"
"md","network-error-monitor","tea","tea/workflows/testarch/bmad-testarch-automate/resources/knowledge/network-error-monitor.md","c9041fd4af8162580a12c7adad79fdf7539fae7d6717fe7dace05e851c1b734c"
"md","network-error-monitor","tea","tea/workflows/testarch/bmad-testarch-ci/resources/knowledge/network-error-monitor.md","c9041fd4af8162580a12c7adad79fdf7539fae7d6717fe7dace05e851c1b734c"
"md","network-error-monitor","tea","tea/workflows/testarch/bmad-testarch-framework/resources/knowledge/network-error-monitor.md","c9041fd4af8162580a12c7adad79fdf7539fae7d6717fe7dace05e851c1b734c"
"md","network-error-monitor","tea","tea/workflows/testarch/bmad-testarch-nfr/resources/knowledge/network-error-monitor.md","c9041fd4af8162580a12c7adad79fdf7539fae7d6717fe7dace05e851c1b734c"
"md","network-error-monitor","tea","tea/workflows/testarch/bmad-testarch-test-design/resources/knowledge/network-error-monitor.md","c9041fd4af8162580a12c7adad79fdf7539fae7d6717fe7dace05e851c1b734c"
"md","network-error-monitor","tea","tea/workflows/testarch/bmad-testarch-test-review/resources/knowledge/network-error-monitor.md","c9041fd4af8162580a12c7adad79fdf7539fae7d6717fe7dace05e851c1b734c"
"md","network-error-monitor","tea","tea/workflows/testarch/bmad-testarch-trace/resources/knowledge/network-error-monitor.md","c9041fd4af8162580a12c7adad79fdf7539fae7d6717fe7dace05e851c1b734c"
"md","network-first","tea","tea/agents/bmad-tea/resources/knowledge/network-first.md","2920e58e145626f5505bcb75e263dbd0e6ac79a8c4c2ec138f5329e06a6ac014"
"md","network-first","tea","tea/workflows/testarch/bmad-testarch-atdd/resources/knowledge/network-first.md","2920e58e145626f5505bcb75e263dbd0e6ac79a8c4c2ec138f5329e06a6ac014"
"md","network-first","tea","tea/workflows/testarch/bmad-testarch-automate/resources/knowledge/network-first.md","2920e58e145626f5505bcb75e263dbd0e6ac79a8c4c2ec138f5329e06a6ac014"
"md","network-first","tea","tea/workflows/testarch/bmad-testarch-ci/resources/knowledge/network-first.md","2920e58e145626f5505bcb75e263dbd0e6ac79a8c4c2ec138f5329e06a6ac014"
"md","network-first","tea","tea/workflows/testarch/bmad-testarch-framework/resources/knowledge/network-first.md","2920e58e145626f5505bcb75e263dbd0e6ac79a8c4c2ec138f5329e06a6ac014"
"md","network-first","tea","tea/workflows/testarch/bmad-testarch-nfr/resources/knowledge/network-first.md","2920e58e145626f5505bcb75e263dbd0e6ac79a8c4c2ec138f5329e06a6ac014"
"md","network-first","tea","tea/workflows/testarch/bmad-testarch-test-design/resources/knowledge/network-first.md","2920e58e145626f5505bcb75e263dbd0e6ac79a8c4c2ec138f5329e06a6ac014"
"md","network-first","tea","tea/workflows/testarch/bmad-testarch-test-review/resources/knowledge/network-first.md","2920e58e145626f5505bcb75e263dbd0e6ac79a8c4c2ec138f5329e06a6ac014"
"md","network-first","tea","tea/workflows/testarch/bmad-testarch-trace/resources/knowledge/network-first.md","2920e58e145626f5505bcb75e263dbd0e6ac79a8c4c2ec138f5329e06a6ac014"
"md","network-recorder","tea","tea/agents/bmad-tea/resources/knowledge/network-recorder.md","6ae5ee35a9f1816dc4bf7c4573f6be931a16567d697ff463867819cc39a3268d"
"md","network-recorder","tea","tea/workflows/testarch/bmad-testarch-atdd/resources/knowledge/network-recorder.md","6ae5ee35a9f1816dc4bf7c4573f6be931a16567d697ff463867819cc39a3268d"
"md","network-recorder","tea","tea/workflows/testarch/bmad-testarch-automate/resources/knowledge/network-recorder.md","6ae5ee35a9f1816dc4bf7c4573f6be931a16567d697ff463867819cc39a3268d"
"md","network-recorder","tea","tea/workflows/testarch/bmad-testarch-ci/resources/knowledge/network-recorder.md","6ae5ee35a9f1816dc4bf7c4573f6be931a16567d697ff463867819cc39a3268d"
"md","network-recorder","tea","tea/workflows/testarch/bmad-testarch-framework/resources/knowledge/network-recorder.md","6ae5ee35a9f1816dc4bf7c4573f6be931a16567d697ff463867819cc39a3268d"
"md","network-recorder","tea","tea/workflows/testarch/bmad-testarch-nfr/resources/knowledge/network-recorder.md","6ae5ee35a9f1816dc4bf7c4573f6be931a16567d697ff463867819cc39a3268d"
"md","network-recorder","tea","tea/workflows/testarch/bmad-testarch-test-design/resources/knowledge/network-recorder.md","6ae5ee35a9f1816dc4bf7c4573f6be931a16567d697ff463867819cc39a3268d"
"md","network-recorder","tea","tea/workflows/testarch/bmad-testarch-test-review/resources/knowledge/network-recorder.md","6ae5ee35a9f1816dc4bf7c4573f6be931a16567d697ff463867819cc39a3268d"
"md","network-recorder","tea","tea/workflows/testarch/bmad-testarch-trace/resources/knowledge/network-recorder.md","6ae5ee35a9f1816dc4bf7c4573f6be931a16567d697ff463867819cc39a3268d"
"md","nfr-criteria","tea","tea/agents/bmad-tea/resources/knowledge/nfr-criteria.md","e63cee4a0193e4858c8f70ff33a497a1b97d13a69da66f60ed5c9a9853025aa1"
"md","nfr-criteria","tea","tea/workflows/testarch/bmad-testarch-atdd/resources/knowledge/nfr-criteria.md","e63cee4a0193e4858c8f70ff33a497a1b97d13a69da66f60ed5c9a9853025aa1"
"md","nfr-criteria","tea","tea/workflows/testarch/bmad-testarch-automate/resources/knowledge/nfr-criteria.md","e63cee4a0193e4858c8f70ff33a497a1b97d13a69da66f60ed5c9a9853025aa1"
"md","nfr-criteria","tea","tea/workflows/testarch/bmad-testarch-ci/resources/knowledge/nfr-criteria.md","e63cee4a0193e4858c8f70ff33a497a1b97d13a69da66f60ed5c9a9853025aa1"
"md","nfr-criteria","tea","tea/workflows/testarch/bmad-testarch-framework/resources/knowledge/nfr-criteria.md","e63cee4a0193e4858c8f70ff33a497a1b97d13a69da66f60ed5c9a9853025aa1"
"md","nfr-criteria","tea","tea/workflows/testarch/bmad-testarch-nfr/resources/knowledge/nfr-criteria.md","e63cee4a0193e4858c8f70ff33a497a1b97d13a69da66f60ed5c9a9853025aa1"
"md","nfr-criteria","tea","tea/workflows/testarch/bmad-testarch-test-design/resources/knowledge/nfr-criteria.md","e63cee4a0193e4858c8f70ff33a497a1b97d13a69da66f60ed5c9a9853025aa1"
"md","nfr-criteria","tea","tea/workflows/testarch/bmad-testarch-test-review/resources/knowledge/nfr-criteria.md","e63cee4a0193e4858c8f70ff33a497a1b97d13a69da66f60ed5c9a9853025aa1"
"md","nfr-criteria","tea","tea/workflows/testarch/bmad-testarch-trace/resources/knowledge/nfr-criteria.md","e63cee4a0193e4858c8f70ff33a497a1b97d13a69da66f60ed5c9a9853025aa1"
"md","nfr-report-template","tea","tea/workflows/testarch/bmad-testarch-nfr/nfr-report-template.md","bac4dd1fa28cf23fbe8018baf703f8faf82012577ab39c49b0dbdcda9062aeb0"
"md","overview","tea","tea/agents/bmad-tea/resources/knowledge/overview.md","25ca75c93fbcef398c7ec7a201ece881f6f3a15f86cfc0a19a04b90a2c6dddbf"
"md","overview","tea","tea/workflows/testarch/bmad-testarch-atdd/resources/knowledge/overview.md","25ca75c93fbcef398c7ec7a201ece881f6f3a15f86cfc0a19a04b90a2c6dddbf"
"md","overview","tea","tea/workflows/testarch/bmad-testarch-automate/resources/knowledge/overview.md","25ca75c93fbcef398c7ec7a201ece881f6f3a15f86cfc0a19a04b90a2c6dddbf"
"md","overview","tea","tea/workflows/testarch/bmad-testarch-ci/resources/knowledge/overview.md","25ca75c93fbcef398c7ec7a201ece881f6f3a15f86cfc0a19a04b90a2c6dddbf"
"md","overview","tea","tea/workflows/testarch/bmad-testarch-framework/resources/knowledge/overview.md","25ca75c93fbcef398c7ec7a201ece881f6f3a15f86cfc0a19a04b90a2c6dddbf"
"md","overview","tea","tea/workflows/testarch/bmad-testarch-nfr/resources/knowledge/overview.md","25ca75c93fbcef398c7ec7a201ece881f6f3a15f86cfc0a19a04b90a2c6dddbf"
"md","overview","tea","tea/workflows/testarch/bmad-testarch-test-design/resources/knowledge/overview.md","25ca75c93fbcef398c7ec7a201ece881f6f3a15f86cfc0a19a04b90a2c6dddbf"
"md","overview","tea","tea/workflows/testarch/bmad-testarch-test-review/resources/knowledge/overview.md","25ca75c93fbcef398c7ec7a201ece881f6f3a15f86cfc0a19a04b90a2c6dddbf"
"md","overview","tea","tea/workflows/testarch/bmad-testarch-trace/resources/knowledge/overview.md","25ca75c93fbcef398c7ec7a201ece881f6f3a15f86cfc0a19a04b90a2c6dddbf"
"md","pact-broker-webhooks","tea","tea/agents/bmad-tea/resources/knowledge/pact-broker-webhooks.md","2301c1610aa8e3961c356c59ec54b87cde04510e462754b9f270b8f4ced4d0a0"
"md","pact-broker-webhooks","tea","tea/workflows/testarch/bmad-testarch-atdd/resources/knowledge/pact-broker-webhooks.md","2301c1610aa8e3961c356c59ec54b87cde04510e462754b9f270b8f4ced4d0a0"
"md","pact-broker-webhooks","tea","tea/workflows/testarch/bmad-testarch-automate/resources/knowledge/pact-broker-webhooks.md","2301c1610aa8e3961c356c59ec54b87cde04510e462754b9f270b8f4ced4d0a0"
"md","pact-broker-webhooks","tea","tea/workflows/testarch/bmad-testarch-ci/resources/knowledge/pact-broker-webhooks.md","2301c1610aa8e3961c356c59ec54b87cde04510e462754b9f270b8f4ced4d0a0"
"md","pact-broker-webhooks","tea","tea/workflows/testarch/bmad-testarch-framework/resources/knowledge/pact-broker-webhooks.md","2301c1610aa8e3961c356c59ec54b87cde04510e462754b9f270b8f4ced4d0a0"
"md","pact-broker-webhooks","tea","tea/workflows/testarch/bmad-testarch-nfr/resources/knowledge/pact-broker-webhooks.md","2301c1610aa8e3961c356c59ec54b87cde04510e462754b9f270b8f4ced4d0a0"
"md","pact-broker-webhooks","tea","tea/workflows/testarch/bmad-testarch-test-design/resources/knowledge/pact-broker-webhooks.md","2301c1610aa8e3961c356c59ec54b87cde04510e462754b9f270b8f4ced4d0a0"
"md","pact-broker-webhooks","tea","tea/workflows/testarch/bmad-testarch-test-review/resources/knowledge/pact-broker-webhooks.md","2301c1610aa8e3961c356c59ec54b87cde04510e462754b9f270b8f4ced4d0a0"
"md","pact-broker-webhooks","tea","tea/workflows/testarch/bmad-testarch-trace/resources/knowledge/pact-broker-webhooks.md","2301c1610aa8e3961c356c59ec54b87cde04510e462754b9f270b8f4ced4d0a0"
"md","pact-consumer-di","tea","tea/agents/bmad-tea/resources/knowledge/pact-consumer-di.md","c3883f65512dcebb78e611d9091fb8091f211b098685adb81719faefa365d793"
"md","pact-consumer-di","tea","tea/workflows/testarch/bmad-testarch-atdd/resources/knowledge/pact-consumer-di.md","c3883f65512dcebb78e611d9091fb8091f211b098685adb81719faefa365d793"
"md","pact-consumer-di","tea","tea/workflows/testarch/bmad-testarch-automate/resources/knowledge/pact-consumer-di.md","c3883f65512dcebb78e611d9091fb8091f211b098685adb81719faefa365d793"
"md","pact-consumer-di","tea","tea/workflows/testarch/bmad-testarch-ci/resources/knowledge/pact-consumer-di.md","c3883f65512dcebb78e611d9091fb8091f211b098685adb81719faefa365d793"
"md","pact-consumer-di","tea","tea/workflows/testarch/bmad-testarch-framework/resources/knowledge/pact-consumer-di.md","c3883f65512dcebb78e611d9091fb8091f211b098685adb81719faefa365d793"
"md","pact-consumer-di","tea","tea/workflows/testarch/bmad-testarch-nfr/resources/knowledge/pact-consumer-di.md","c3883f65512dcebb78e611d9091fb8091f211b098685adb81719faefa365d793"
"md","pact-consumer-di","tea","tea/workflows/testarch/bmad-testarch-test-design/resources/knowledge/pact-consumer-di.md","c3883f65512dcebb78e611d9091fb8091f211b098685adb81719faefa365d793"
"md","pact-consumer-di","tea","tea/workflows/testarch/bmad-testarch-test-review/resources/knowledge/pact-consumer-di.md","c3883f65512dcebb78e611d9091fb8091f211b098685adb81719faefa365d793"
"md","pact-consumer-di","tea","tea/workflows/testarch/bmad-testarch-trace/resources/knowledge/pact-consumer-di.md","c3883f65512dcebb78e611d9091fb8091f211b098685adb81719faefa365d793"
"md","pact-consumer-framework-setup","tea","tea/agents/bmad-tea/resources/knowledge/pact-consumer-framework-setup.md","5794bb5daa2e7e0d7123335bca66257bd6eb491f937a406fb47aa353796fe0fe"
"md","pact-consumer-framework-setup","tea","tea/workflows/testarch/bmad-testarch-atdd/resources/knowledge/pact-consumer-framework-setup.md","ebe055becdc59b7bd20fd056f37af1df6c96a50dad2331be12f325e91e9ea0b5"
"md","pact-consumer-framework-setup","tea","tea/workflows/testarch/bmad-testarch-automate/resources/knowledge/pact-consumer-framework-setup.md","ebe055becdc59b7bd20fd056f37af1df6c96a50dad2331be12f325e91e9ea0b5"
"md","pact-consumer-framework-setup","tea","tea/workflows/testarch/bmad-testarch-ci/resources/knowledge/pact-consumer-framework-setup.md","ebe055becdc59b7bd20fd056f37af1df6c96a50dad2331be12f325e91e9ea0b5"
"md","pact-consumer-framework-setup","tea","tea/workflows/testarch/bmad-testarch-framework/resources/knowledge/pact-consumer-framework-setup.md","ebe055becdc59b7bd20fd056f37af1df6c96a50dad2331be12f325e91e9ea0b5"
"md","pact-consumer-framework-setup","tea","tea/workflows/testarch/bmad-testarch-nfr/resources/knowledge/pact-consumer-framework-setup.md","ebe055becdc59b7bd20fd056f37af1df6c96a50dad2331be12f325e91e9ea0b5"
"md","pact-consumer-framework-setup","tea","tea/workflows/testarch/bmad-testarch-test-design/resources/knowledge/pact-consumer-framework-setup.md","ebe055becdc59b7bd20fd056f37af1df6c96a50dad2331be12f325e91e9ea0b5"
"md","pact-consumer-framework-setup","tea","tea/workflows/testarch/bmad-testarch-test-review/resources/knowledge/pact-consumer-framework-setup.md","ebe055becdc59b7bd20fd056f37af1df6c96a50dad2331be12f325e91e9ea0b5"
"md","pact-consumer-framework-setup","tea","tea/workflows/testarch/bmad-testarch-trace/resources/knowledge/pact-consumer-framework-setup.md","ebe055becdc59b7bd20fd056f37af1df6c96a50dad2331be12f325e91e9ea0b5"
"md","pact-mcp","tea","tea/agents/bmad-tea/resources/knowledge/pact-mcp.md","32bb4ab96d2ff069e99790277184770b5ce3e0ae98a41e0e191c241a73cbb70a"
"md","pact-mcp","tea","tea/workflows/testarch/bmad-testarch-atdd/resources/knowledge/pact-mcp.md","32bb4ab96d2ff069e99790277184770b5ce3e0ae98a41e0e191c241a73cbb70a"
"md","pact-mcp","tea","tea/workflows/testarch/bmad-testarch-automate/resources/knowledge/pact-mcp.md","32bb4ab96d2ff069e99790277184770b5ce3e0ae98a41e0e191c241a73cbb70a"
"md","pact-mcp","tea","tea/workflows/testarch/bmad-testarch-ci/resources/knowledge/pact-mcp.md","32bb4ab96d2ff069e99790277184770b5ce3e0ae98a41e0e191c241a73cbb70a"
"md","pact-mcp","tea","tea/workflows/testarch/bmad-testarch-framework/resources/knowledge/pact-mcp.md","32bb4ab96d2ff069e99790277184770b5ce3e0ae98a41e0e191c241a73cbb70a"
"md","pact-mcp","tea","tea/workflows/testarch/bmad-testarch-nfr/resources/knowledge/pact-mcp.md","32bb4ab96d2ff069e99790277184770b5ce3e0ae98a41e0e191c241a73cbb70a"
"md","pact-mcp","tea","tea/workflows/testarch/bmad-testarch-test-design/resources/knowledge/pact-mcp.md","32bb4ab96d2ff069e99790277184770b5ce3e0ae98a41e0e191c241a73cbb70a"
"md","pact-mcp","tea","tea/workflows/testarch/bmad-testarch-test-review/resources/knowledge/pact-mcp.md","32bb4ab96d2ff069e99790277184770b5ce3e0ae98a41e0e191c241a73cbb70a"
"md","pact-mcp","tea","tea/workflows/testarch/bmad-testarch-trace/resources/knowledge/pact-mcp.md","32bb4ab96d2ff069e99790277184770b5ce3e0ae98a41e0e191c241a73cbb70a"
"md","pactjs-utils-consumer-helpers","tea","tea/agents/bmad-tea/resources/knowledge/pactjs-utils-consumer-helpers.md","82c21a71ea7cfafb4bb4c4d74eb83cb4134b7ca93aeae626a9b79868b3d621c9"
"md","pactjs-utils-consumer-helpers","tea","tea/workflows/testarch/bmad-testarch-atdd/resources/knowledge/pactjs-utils-consumer-helpers.md","711e7fccb866d3cda0566fa42948b73e1ff9a8aa63ab190fa8727182e9e92d87"
"md","pactjs-utils-consumer-helpers","tea","tea/workflows/testarch/bmad-testarch-automate/resources/knowledge/pactjs-utils-consumer-helpers.md","711e7fccb866d3cda0566fa42948b73e1ff9a8aa63ab190fa8727182e9e92d87"
"md","pactjs-utils-consumer-helpers","tea","tea/workflows/testarch/bmad-testarch-ci/resources/knowledge/pactjs-utils-consumer-helpers.md","711e7fccb866d3cda0566fa42948b73e1ff9a8aa63ab190fa8727182e9e92d87"
"md","pactjs-utils-consumer-helpers","tea","tea/workflows/testarch/bmad-testarch-framework/resources/knowledge/pactjs-utils-consumer-helpers.md","711e7fccb866d3cda0566fa42948b73e1ff9a8aa63ab190fa8727182e9e92d87"
"md","pactjs-utils-consumer-helpers","tea","tea/workflows/testarch/bmad-testarch-nfr/resources/knowledge/pactjs-utils-consumer-helpers.md","711e7fccb866d3cda0566fa42948b73e1ff9a8aa63ab190fa8727182e9e92d87"
"md","pactjs-utils-consumer-helpers","tea","tea/workflows/testarch/bmad-testarch-test-design/resources/knowledge/pactjs-utils-consumer-helpers.md","711e7fccb866d3cda0566fa42948b73e1ff9a8aa63ab190fa8727182e9e92d87"
"md","pactjs-utils-consumer-helpers","tea","tea/workflows/testarch/bmad-testarch-test-review/resources/knowledge/pactjs-utils-consumer-helpers.md","711e7fccb866d3cda0566fa42948b73e1ff9a8aa63ab190fa8727182e9e92d87"
"md","pactjs-utils-consumer-helpers","tea","tea/workflows/testarch/bmad-testarch-trace/resources/knowledge/pactjs-utils-consumer-helpers.md","711e7fccb866d3cda0566fa42948b73e1ff9a8aa63ab190fa8727182e9e92d87"
"md","pactjs-utils-overview","tea","tea/agents/bmad-tea/resources/knowledge/pactjs-utils-overview.md","16eb089189d1544c821f582b8776716c1c3ecd3e6044ccbc9a4984d3515e1b52"
"md","pactjs-utils-overview","tea","tea/workflows/testarch/bmad-testarch-atdd/resources/knowledge/pactjs-utils-overview.md","16eb089189d1544c821f582b8776716c1c3ecd3e6044ccbc9a4984d3515e1b52"
"md","pactjs-utils-overview","tea","tea/workflows/testarch/bmad-testarch-automate/resources/knowledge/pactjs-utils-overview.md","64fcf26c2d5c7c183c8d7a83ed20d1f1857182724cfed5e92318dadb1b258584"
"md","pactjs-utils-overview","tea","tea/workflows/testarch/bmad-testarch-ci/resources/knowledge/pactjs-utils-overview.md","64fcf26c2d5c7c183c8d7a83ed20d1f1857182724cfed5e92318dadb1b258584"
"md","pactjs-utils-overview","tea","tea/workflows/testarch/bmad-testarch-framework/resources/knowledge/pactjs-utils-overview.md","64fcf26c2d5c7c183c8d7a83ed20d1f1857182724cfed5e92318dadb1b258584"
"md","pactjs-utils-overview","tea","tea/workflows/testarch/bmad-testarch-nfr/resources/knowledge/pactjs-utils-overview.md","64fcf26c2d5c7c183c8d7a83ed20d1f1857182724cfed5e92318dadb1b258584"
"md","pactjs-utils-overview","tea","tea/workflows/testarch/bmad-testarch-test-design/resources/knowledge/pactjs-utils-overview.md","64fcf26c2d5c7c183c8d7a83ed20d1f1857182724cfed5e92318dadb1b258584"
"md","pactjs-utils-overview","tea","tea/workflows/testarch/bmad-testarch-test-review/resources/knowledge/pactjs-utils-overview.md","64fcf26c2d5c7c183c8d7a83ed20d1f1857182724cfed5e92318dadb1b258584"
"md","pactjs-utils-overview","tea","tea/workflows/testarch/bmad-testarch-trace/resources/knowledge/pactjs-utils-overview.md","64fcf26c2d5c7c183c8d7a83ed20d1f1857182724cfed5e92318dadb1b258584"
"md","pactjs-utils-provider-verifier","tea","tea/agents/bmad-tea/resources/knowledge/pactjs-utils-provider-verifier.md","4f5e306ededf8c9d2de9023fb6db115298a4fe2d70f934054c2f717115235bbb"
"md","pactjs-utils-provider-verifier","tea","tea/workflows/testarch/bmad-testarch-atdd/resources/knowledge/pactjs-utils-provider-verifier.md","e3a651fbcb6e705685477bfdcc8f7d0ca747a6bdbc9a6051f32f538c48c1a160"
"md","pactjs-utils-provider-verifier","tea","tea/workflows/testarch/bmad-testarch-automate/resources/knowledge/pactjs-utils-provider-verifier.md","e3a651fbcb6e705685477bfdcc8f7d0ca747a6bdbc9a6051f32f538c48c1a160"
"md","pactjs-utils-provider-verifier","tea","tea/workflows/testarch/bmad-testarch-ci/resources/knowledge/pactjs-utils-provider-verifier.md","e3a651fbcb6e705685477bfdcc8f7d0ca747a6bdbc9a6051f32f538c48c1a160"
"md","pactjs-utils-provider-verifier","tea","tea/workflows/testarch/bmad-testarch-framework/resources/knowledge/pactjs-utils-provider-verifier.md","e3a651fbcb6e705685477bfdcc8f7d0ca747a6bdbc9a6051f32f538c48c1a160"
"md","pactjs-utils-provider-verifier","tea","tea/workflows/testarch/bmad-testarch-nfr/resources/knowledge/pactjs-utils-provider-verifier.md","e3a651fbcb6e705685477bfdcc8f7d0ca747a6bdbc9a6051f32f538c48c1a160"
"md","pactjs-utils-provider-verifier","tea","tea/workflows/testarch/bmad-testarch-test-design/resources/knowledge/pactjs-utils-provider-verifier.md","e3a651fbcb6e705685477bfdcc8f7d0ca747a6bdbc9a6051f32f538c48c1a160"
"md","pactjs-utils-provider-verifier","tea","tea/workflows/testarch/bmad-testarch-test-review/resources/knowledge/pactjs-utils-provider-verifier.md","e3a651fbcb6e705685477bfdcc8f7d0ca747a6bdbc9a6051f32f538c48c1a160"
"md","pactjs-utils-provider-verifier","tea","tea/workflows/testarch/bmad-testarch-trace/resources/knowledge/pactjs-utils-provider-verifier.md","e3a651fbcb6e705685477bfdcc8f7d0ca747a6bdbc9a6051f32f538c48c1a160"
"md","pactjs-utils-request-filter","tea","tea/agents/bmad-tea/resources/knowledge/pactjs-utils-request-filter.md","6f900300880f2544511436fa68c24268b3b28e0498af6dc43c848047a3cbff18"
"md","pactjs-utils-request-filter","tea","tea/workflows/testarch/bmad-testarch-atdd/resources/knowledge/pactjs-utils-request-filter.md","6f900300880f2544511436fa68c24268b3b28e0498af6dc43c848047a3cbff18"
"md","pactjs-utils-request-filter","tea","tea/workflows/testarch/bmad-testarch-automate/resources/knowledge/pactjs-utils-request-filter.md","6f900300880f2544511436fa68c24268b3b28e0498af6dc43c848047a3cbff18"
"md","pactjs-utils-request-filter","tea","tea/workflows/testarch/bmad-testarch-ci/resources/knowledge/pactjs-utils-request-filter.md","6f900300880f2544511436fa68c24268b3b28e0498af6dc43c848047a3cbff18"
"md","pactjs-utils-request-filter","tea","tea/workflows/testarch/bmad-testarch-framework/resources/knowledge/pactjs-utils-request-filter.md","6f900300880f2544511436fa68c24268b3b28e0498af6dc43c848047a3cbff18"
"md","pactjs-utils-request-filter","tea","tea/workflows/testarch/bmad-testarch-nfr/resources/knowledge/pactjs-utils-request-filter.md","6f900300880f2544511436fa68c24268b3b28e0498af6dc43c848047a3cbff18"
"md","pactjs-utils-request-filter","tea","tea/workflows/testarch/bmad-testarch-test-design/resources/knowledge/pactjs-utils-request-filter.md","6f900300880f2544511436fa68c24268b3b28e0498af6dc43c848047a3cbff18"
"md","pactjs-utils-request-filter","tea","tea/workflows/testarch/bmad-testarch-test-review/resources/knowledge/pactjs-utils-request-filter.md","6f900300880f2544511436fa68c24268b3b28e0498af6dc43c848047a3cbff18"
"md","pactjs-utils-request-filter","tea","tea/workflows/testarch/bmad-testarch-trace/resources/knowledge/pactjs-utils-request-filter.md","6f900300880f2544511436fa68c24268b3b28e0498af6dc43c848047a3cbff18"
"md","pactjs-utils-zod-to-pact","tea","tea/agents/bmad-tea/resources/knowledge/pactjs-utils-zod-to-pact.md","a02b0859122ef4f720818ea78a149799202d0baf7852936f05a2f5d0c49935a8"
"md","pactjs-utils-zod-to-pact","tea","tea/workflows/testarch/bmad-testarch-atdd/resources/knowledge/pactjs-utils-zod-to-pact.md","a02b0859122ef4f720818ea78a149799202d0baf7852936f05a2f5d0c49935a8"
"md","playwright-cli","tea","tea/agents/bmad-tea/resources/knowledge/playwright-cli.md","f0aaff215a5da05d900c7f6d1eef70a3ea97637788ac37aadf5779ec24d91c09"
"md","playwright-cli","tea","tea/workflows/testarch/bmad-testarch-atdd/resources/knowledge/playwright-cli.md","f0aaff215a5da05d900c7f6d1eef70a3ea97637788ac37aadf5779ec24d91c09"
"md","playwright-cli","tea","tea/workflows/testarch/bmad-testarch-automate/resources/knowledge/playwright-cli.md","f0aaff215a5da05d900c7f6d1eef70a3ea97637788ac37aadf5779ec24d91c09"
"md","playwright-cli","tea","tea/workflows/testarch/bmad-testarch-ci/resources/knowledge/playwright-cli.md","f0aaff215a5da05d900c7f6d1eef70a3ea97637788ac37aadf5779ec24d91c09"
"md","playwright-cli","tea","tea/workflows/testarch/bmad-testarch-framework/resources/knowledge/playwright-cli.md","f0aaff215a5da05d900c7f6d1eef70a3ea97637788ac37aadf5779ec24d91c09"
"md","playwright-cli","tea","tea/workflows/testarch/bmad-testarch-nfr/resources/knowledge/playwright-cli.md","f0aaff215a5da05d900c7f6d1eef70a3ea97637788ac37aadf5779ec24d91c09"
"md","playwright-cli","tea","tea/workflows/testarch/bmad-testarch-test-design/resources/knowledge/playwright-cli.md","f0aaff215a5da05d900c7f6d1eef70a3ea97637788ac37aadf5779ec24d91c09"
"md","playwright-cli","tea","tea/workflows/testarch/bmad-testarch-test-review/resources/knowledge/playwright-cli.md","f0aaff215a5da05d900c7f6d1eef70a3ea97637788ac37aadf5779ec24d91c09"
"md","playwright-cli","tea","tea/workflows/testarch/bmad-testarch-trace/resources/knowledge/playwright-cli.md","f0aaff215a5da05d900c7f6d1eef70a3ea97637788ac37aadf5779ec24d91c09"
"md","playwright-config","tea","tea/agents/bmad-tea/resources/knowledge/playwright-config.md","6f7cbf42be005165f68d50090bf0e86227cd401b8e0119ad9e65e7cb2a05644e"
"md","playwright-config","tea","tea/workflows/testarch/bmad-testarch-atdd/resources/knowledge/playwright-config.md","6f7cbf42be005165f68d50090bf0e86227cd401b8e0119ad9e65e7cb2a05644e"
"md","playwright-config","tea","tea/workflows/testarch/bmad-testarch-automate/resources/knowledge/playwright-config.md","6f7cbf42be005165f68d50090bf0e86227cd401b8e0119ad9e65e7cb2a05644e"
"md","playwright-config","tea","tea/workflows/testarch/bmad-testarch-ci/resources/knowledge/playwright-config.md","6f7cbf42be005165f68d50090bf0e86227cd401b8e0119ad9e65e7cb2a05644e"
"md","playwright-config","tea","tea/workflows/testarch/bmad-testarch-framework/resources/knowledge/playwright-config.md","6f7cbf42be005165f68d50090bf0e86227cd401b8e0119ad9e65e7cb2a05644e"
"md","playwright-config","tea","tea/workflows/testarch/bmad-testarch-nfr/resources/knowledge/playwright-config.md","6f7cbf42be005165f68d50090bf0e86227cd401b8e0119ad9e65e7cb2a05644e"
"md","playwright-config","tea","tea/workflows/testarch/bmad-testarch-test-design/resources/knowledge/playwright-config.md","6f7cbf42be005165f68d50090bf0e86227cd401b8e0119ad9e65e7cb2a05644e"
"md","playwright-config","tea","tea/workflows/testarch/bmad-testarch-test-review/resources/knowledge/playwright-config.md","6f7cbf42be005165f68d50090bf0e86227cd401b8e0119ad9e65e7cb2a05644e"
"md","playwright-config","tea","tea/workflows/testarch/bmad-testarch-trace/resources/knowledge/playwright-config.md","6f7cbf42be005165f68d50090bf0e86227cd401b8e0119ad9e65e7cb2a05644e"
"md","probability-impact","tea","tea/agents/bmad-tea/resources/knowledge/probability-impact.md","446dba0caa1eb162734514f35366f8c38ed3666528b0b5e16c7f03fd3c537d0f"
"md","probability-impact","tea","tea/workflows/testarch/bmad-testarch-atdd/resources/knowledge/probability-impact.md","446dba0caa1eb162734514f35366f8c38ed3666528b0b5e16c7f03fd3c537d0f"
"md","probability-impact","tea","tea/workflows/testarch/bmad-testarch-automate/resources/knowledge/probability-impact.md","446dba0caa1eb162734514f35366f8c38ed3666528b0b5e16c7f03fd3c537d0f"
"md","probability-impact","tea","tea/workflows/testarch/bmad-testarch-ci/resources/knowledge/probability-impact.md","446dba0caa1eb162734514f35366f8c38ed3666528b0b5e16c7f03fd3c537d0f"
"md","probability-impact","tea","tea/workflows/testarch/bmad-testarch-framework/resources/knowledge/probability-impact.md","446dba0caa1eb162734514f35366f8c38ed3666528b0b5e16c7f03fd3c537d0f"
"md","probability-impact","tea","tea/workflows/testarch/bmad-testarch-nfr/resources/knowledge/probability-impact.md","446dba0caa1eb162734514f35366f8c38ed3666528b0b5e16c7f03fd3c537d0f"
"md","probability-impact","tea","tea/workflows/testarch/bmad-testarch-test-design/resources/knowledge/probability-impact.md","446dba0caa1eb162734514f35366f8c38ed3666528b0b5e16c7f03fd3c537d0f"
"md","probability-impact","tea","tea/workflows/testarch/bmad-testarch-test-review/resources/knowledge/probability-impact.md","446dba0caa1eb162734514f35366f8c38ed3666528b0b5e16c7f03fd3c537d0f"
"md","probability-impact","tea","tea/workflows/testarch/bmad-testarch-trace/resources/knowledge/probability-impact.md","446dba0caa1eb162734514f35366f8c38ed3666528b0b5e16c7f03fd3c537d0f"
"md","README","tea","tea/workflows/testarch/README.md","4a16e960f9cdfcdfcdb175d04fc463fb9a7f422246e3d0eea02b8e9fbb6f8b23"
"md","recurse","tea","tea/agents/bmad-tea/resources/knowledge/recurse.md","7937897b8d8fd74ab647634fb549ba9344e86d39f9a705e8731a7531e51ad726"
"md","recurse","tea","tea/workflows/testarch/bmad-testarch-atdd/resources/knowledge/recurse.md","7937897b8d8fd74ab647634fb549ba9344e86d39f9a705e8731a7531e51ad726"
"md","recurse","tea","tea/workflows/testarch/bmad-testarch-automate/resources/knowledge/recurse.md","7937897b8d8fd74ab647634fb549ba9344e86d39f9a705e8731a7531e51ad726"
"md","recurse","tea","tea/workflows/testarch/bmad-testarch-ci/resources/knowledge/recurse.md","7937897b8d8fd74ab647634fb549ba9344e86d39f9a705e8731a7531e51ad726"
"md","recurse","tea","tea/workflows/testarch/bmad-testarch-framework/resources/knowledge/recurse.md","7937897b8d8fd74ab647634fb549ba9344e86d39f9a705e8731a7531e51ad726"
"md","recurse","tea","tea/workflows/testarch/bmad-testarch-nfr/resources/knowledge/recurse.md","7937897b8d8fd74ab647634fb549ba9344e86d39f9a705e8731a7531e51ad726"
"md","recurse","tea","tea/workflows/testarch/bmad-testarch-test-design/resources/knowledge/recurse.md","7937897b8d8fd74ab647634fb549ba9344e86d39f9a705e8731a7531e51ad726"
"md","recurse","tea","tea/workflows/testarch/bmad-testarch-test-review/resources/knowledge/recurse.md","7937897b8d8fd74ab647634fb549ba9344e86d39f9a705e8731a7531e51ad726"
"md","recurse","tea","tea/workflows/testarch/bmad-testarch-trace/resources/knowledge/recurse.md","7937897b8d8fd74ab647634fb549ba9344e86d39f9a705e8731a7531e51ad726"
"md","risk-governance","tea","tea/agents/bmad-tea/resources/knowledge/risk-governance.md","500482561420c9f2caad2eb92e5c503208adaa5ab952a317359556b3f11376f1"
"md","risk-governance","tea","tea/workflows/testarch/bmad-testarch-atdd/resources/knowledge/risk-governance.md","500482561420c9f2caad2eb92e5c503208adaa5ab952a317359556b3f11376f1"
"md","risk-governance","tea","tea/workflows/testarch/bmad-testarch-automate/resources/knowledge/risk-governance.md","500482561420c9f2caad2eb92e5c503208adaa5ab952a317359556b3f11376f1"
"md","risk-governance","tea","tea/workflows/testarch/bmad-testarch-ci/resources/knowledge/risk-governance.md","500482561420c9f2caad2eb92e5c503208adaa5ab952a317359556b3f11376f1"
"md","risk-governance","tea","tea/workflows/testarch/bmad-testarch-framework/resources/knowledge/risk-governance.md","500482561420c9f2caad2eb92e5c503208adaa5ab952a317359556b3f11376f1"
"md","risk-governance","tea","tea/workflows/testarch/bmad-testarch-nfr/resources/knowledge/risk-governance.md","500482561420c9f2caad2eb92e5c503208adaa5ab952a317359556b3f11376f1"
"md","risk-governance","tea","tea/workflows/testarch/bmad-testarch-test-design/resources/knowledge/risk-governance.md","500482561420c9f2caad2eb92e5c503208adaa5ab952a317359556b3f11376f1"
"md","risk-governance","tea","tea/workflows/testarch/bmad-testarch-test-review/resources/knowledge/risk-governance.md","500482561420c9f2caad2eb92e5c503208adaa5ab952a317359556b3f11376f1"
"md","risk-governance","tea","tea/workflows/testarch/bmad-testarch-trace/resources/knowledge/risk-governance.md","500482561420c9f2caad2eb92e5c503208adaa5ab952a317359556b3f11376f1"
"md","selective-testing","tea","tea/agents/bmad-tea/resources/knowledge/selective-testing.md","060651774648174fdbff0fe7b858bd81d7c3bce8ee5a53ed7c1ba56e4dd4bbe0"
"md","selective-testing","tea","tea/workflows/testarch/bmad-testarch-atdd/resources/knowledge/selective-testing.md","060651774648174fdbff0fe7b858bd81d7c3bce8ee5a53ed7c1ba56e4dd4bbe0"
"md","selective-testing","tea","tea/workflows/testarch/bmad-testarch-automate/resources/knowledge/selective-testing.md","060651774648174fdbff0fe7b858bd81d7c3bce8ee5a53ed7c1ba56e4dd4bbe0"
"md","selective-testing","tea","tea/workflows/testarch/bmad-testarch-ci/resources/knowledge/selective-testing.md","060651774648174fdbff0fe7b858bd81d7c3bce8ee5a53ed7c1ba56e4dd4bbe0"
"md","selective-testing","tea","tea/workflows/testarch/bmad-testarch-framework/resources/knowledge/selective-testing.md","060651774648174fdbff0fe7b858bd81d7c3bce8ee5a53ed7c1ba56e4dd4bbe0"
"md","selective-testing","tea","tea/workflows/testarch/bmad-testarch-nfr/resources/knowledge/selective-testing.md","060651774648174fdbff0fe7b858bd81d7c3bce8ee5a53ed7c1ba56e4dd4bbe0"
"md","selective-testing","tea","tea/workflows/testarch/bmad-testarch-test-design/resources/knowledge/selective-testing.md","060651774648174fdbff0fe7b858bd81d7c3bce8ee5a53ed7c1ba56e4dd4bbe0"
"md","selective-testing","tea","tea/workflows/testarch/bmad-testarch-test-review/resources/knowledge/selective-testing.md","060651774648174fdbff0fe7b858bd81d7c3bce8ee5a53ed7c1ba56e4dd4bbe0"
"md","selective-testing","tea","tea/workflows/testarch/bmad-testarch-trace/resources/knowledge/selective-testing.md","060651774648174fdbff0fe7b858bd81d7c3bce8ee5a53ed7c1ba56e4dd4bbe0"
"md","selector-resilience","tea","tea/agents/bmad-tea/resources/knowledge/selector-resilience.md","a55c25a340f1cd10811802665754a3f4eab0c82868fea61fea9cc61aa47ac179"
"md","selector-resilience","tea","tea/workflows/testarch/bmad-testarch-atdd/resources/knowledge/selector-resilience.md","a55c25a340f1cd10811802665754a3f4eab0c82868fea61fea9cc61aa47ac179"
"md","selector-resilience","tea","tea/workflows/testarch/bmad-testarch-automate/resources/knowledge/selector-resilience.md","a55c25a340f1cd10811802665754a3f4eab0c82868fea61fea9cc61aa47ac179"
"md","selector-resilience","tea","tea/workflows/testarch/bmad-testarch-ci/resources/knowledge/selector-resilience.md","a55c25a340f1cd10811802665754a3f4eab0c82868fea61fea9cc61aa47ac179"
"md","selector-resilience","tea","tea/workflows/testarch/bmad-testarch-framework/resources/knowledge/selector-resilience.md","a55c25a340f1cd10811802665754a3f4eab0c82868fea61fea9cc61aa47ac179"
"md","selector-resilience","tea","tea/workflows/testarch/bmad-testarch-nfr/resources/knowledge/selector-resilience.md","a55c25a340f1cd10811802665754a3f4eab0c82868fea61fea9cc61aa47ac179"
"md","selector-resilience","tea","tea/workflows/testarch/bmad-testarch-test-design/resources/knowledge/selector-resilience.md","a55c25a340f1cd10811802665754a3f4eab0c82868fea61fea9cc61aa47ac179"
"md","selector-resilience","tea","tea/workflows/testarch/bmad-testarch-test-review/resources/knowledge/selector-resilience.md","a55c25a340f1cd10811802665754a3f4eab0c82868fea61fea9cc61aa47ac179"
"md","selector-resilience","tea","tea/workflows/testarch/bmad-testarch-trace/resources/knowledge/selector-resilience.md","a55c25a340f1cd10811802665754a3f4eab0c82868fea61fea9cc61aa47ac179"
"md","session-notes-template","tea","tea/workflows/testarch/bmad-teach-me-testing/templates/session-notes-template.md","bdcc8dac35ed5ce2c7a95ab0fd55b2dfa27e3173ed1f5d78e44f8755514e1c70"
"md","SKILL","tea","tea/agents/bmad-tea/SKILL.md","c60d4e56c16be369ae72717d7a825e8a5ec4509e817f7b6ec1e9fc16b12b9ba3"
"md","SKILL","tea","tea/workflows/testarch/bmad-teach-me-testing/SKILL.md","ab9d67173dd7a0143ba36792891e30d63c4c759d54cd25e9ab0a4b8d977b0e6a"
"md","SKILL","tea","tea/workflows/testarch/bmad-testarch-atdd/SKILL.md","fc37ffeab69ca3faf1c978eac2d4d19239d4577dbf628a3f12d84e9d250283a2"
"md","SKILL","tea","tea/workflows/testarch/bmad-testarch-automate/SKILL.md","ecbeacea8778de7c40dbc81628de44bcfe8d10ce280339b60615d92ae3ab90e1"
"md","SKILL","tea","tea/workflows/testarch/bmad-testarch-ci/SKILL.md","67df0b4028f97ce74ba63e360b4b3dc3b486b54c827e28bebc2a9644df78aaea"
"md","SKILL","tea","tea/workflows/testarch/bmad-testarch-framework/SKILL.md","a880b7061e9e03549c0141ffcece5fb289bd4a0f98c94752f40b8d8027c2b158"
"md","SKILL","tea","tea/workflows/testarch/bmad-testarch-nfr/SKILL.md","bf034d3e6bc5eb7977de293b48095042f2b9748a894bdb3714dbfec6031305d0"
"md","SKILL","tea","tea/workflows/testarch/bmad-testarch-test-design/SKILL.md","78636f43137dd33260994df1b2f91a392fb9ccddbb448a5fbcbcfa8c4cc8745e"
"md","SKILL","tea","tea/workflows/testarch/bmad-testarch-test-review/SKILL.md","b04e1b84c3fb1cdc2ed179c9ea5351d855e2c73eb1d0b5d4c660a7c144fc6c9a"
"md","SKILL","tea","tea/workflows/testarch/bmad-testarch-trace/SKILL.md","5f7c1df02f51787121c0a9834bb8613f646af3fb688af9e93d6de950dd03758f"
"md","step-01-assess","tea","tea/workflows/testarch/bmad-testarch-atdd/steps-e/step-01-assess.md","3b6b684b315dcb484e36fa5edadbd3b6e7c82d0b848a3a850ea528335254b9c2"
"md","step-01-assess","tea","tea/workflows/testarch/bmad-testarch-automate/steps-e/step-01-assess.md","3b6b684b315dcb484e36fa5edadbd3b6e7c82d0b848a3a850ea528335254b9c2"
"md","step-01-assess","tea","tea/workflows/testarch/bmad-testarch-ci/steps-e/step-01-assess.md","3b6b684b315dcb484e36fa5edadbd3b6e7c82d0b848a3a850ea528335254b9c2"
"md","step-01-assess","tea","tea/workflows/testarch/bmad-testarch-framework/steps-e/step-01-assess.md","3b6b684b315dcb484e36fa5edadbd3b6e7c82d0b848a3a850ea528335254b9c2"
"md","step-01-assess","tea","tea/workflows/testarch/bmad-testarch-nfr/steps-e/step-01-assess.md","3b6b684b315dcb484e36fa5edadbd3b6e7c82d0b848a3a850ea528335254b9c2"
"md","step-01-assess","tea","tea/workflows/testarch/bmad-testarch-test-design/steps-e/step-01-assess.md","3b6b684b315dcb484e36fa5edadbd3b6e7c82d0b848a3a850ea528335254b9c2"
"md","step-01-assess","tea","tea/workflows/testarch/bmad-testarch-test-review/steps-e/step-01-assess.md","3b6b684b315dcb484e36fa5edadbd3b6e7c82d0b848a3a850ea528335254b9c2"
"md","step-01-assess","tea","tea/workflows/testarch/bmad-testarch-trace/steps-e/step-01-assess.md","3b6b684b315dcb484e36fa5edadbd3b6e7c82d0b848a3a850ea528335254b9c2"
"md","step-01-detect-mode","tea","tea/workflows/testarch/bmad-testarch-test-design/steps-c/step-01-detect-mode.md","08ea09fca8378e313898719a4dafce3a196ba386c37b03785e10999806fe72fb"
"md","step-01-init","tea","tea/workflows/testarch/bmad-teach-me-testing/steps-c/step-01-init.md","a4f10bb4d25a70c19ab3529039b2229e661c4bac743251cca6668febb9ba96dc"
"md","step-01-load-context","tea","tea/workflows/testarch/bmad-testarch-nfr/steps-c/step-01-load-context.md","8c3d99b02fe31d2cef54d4084eaa7abd93106e866793122c5e1246c96f83b7a6"
"md","step-01-load-context","tea","tea/workflows/testarch/bmad-testarch-test-review/steps-c/step-01-load-context.md","50583419c30249ddb9e1989e4b4d0cb85c0d550d75f8f9ef0b3ee62237859ff3"
"md","step-01-load-context","tea","tea/workflows/testarch/bmad-testarch-trace/steps-c/step-01-load-context.md","fc97a76df95ca7ff8c3d9bad4088360c94acf476a4e1de0f7c4bf2b2bd44d30f"
"md","step-01-preflight","tea","tea/workflows/testarch/bmad-testarch-ci/steps-c/step-01-preflight.md","d554ba331f8b10568cfc89696a5b8d1157c90b81b49aec73b71665e217787ddc"
"md","step-01-preflight","tea","tea/workflows/testarch/bmad-testarch-framework/steps-c/step-01-preflight.md","a09ce5ebf1f5501bc9fdd72231c4f5e4850955e66b1c2ae01660a314676049ad"
"md","step-01-preflight-and-context","tea","tea/workflows/testarch/bmad-testarch-atdd/steps-c/step-01-preflight-and-context.md","44168af70ac12bcade3fc5621224f265a44569a3353f41f5967886471648c1da"
"md","step-01-preflight-and-context","tea","tea/workflows/testarch/bmad-testarch-automate/steps-c/step-01-preflight-and-context.md","b3ae651878018ae3bb42c66afa7db18855298b6aae6377d192fd3f995faf21bf"
"md","step-01-validate","tea","tea/workflows/testarch/bmad-testarch-atdd/steps-v/step-01-validate.md","406c92ca1f47f6307d6daf51ee8cd8c4386fb979d7228b2fda648c511ae81bb0"
"md","step-01-validate","tea","tea/workflows/testarch/bmad-testarch-automate/steps-v/step-01-validate.md","cdbef55dd2cfde57929f86de8844a33c4439a82d8847c946c4f82cc25761e6f6"
"md","step-01-validate","tea","tea/workflows/testarch/bmad-testarch-ci/steps-v/step-01-validate.md","16a04a29044e9a177b0dba9e42de48224311a2a6e76d0cec2bcf42abbed15f21"
"md","step-01-validate","tea","tea/workflows/testarch/bmad-testarch-framework/steps-v/step-01-validate.md","1a99df27f445609cacb66967e6684ba5f92e608064d48a07f4564b8dab7f828b"
"md","step-01-validate","tea","tea/workflows/testarch/bmad-testarch-nfr/steps-v/step-01-validate.md","f24a58cd87b0a62e41bb48067af4493faa87b8a5c90d237bb18e30b5afc8b746"
"md","step-01-validate","tea","tea/workflows/testarch/bmad-testarch-test-design/steps-v/step-01-validate.md","bd24f10fdbcefd68e4ec089f378e6d64a9f9037bb5d48e35d28b25666a12adea"
"md","step-01-validate","tea","tea/workflows/testarch/bmad-testarch-test-review/steps-v/step-01-validate.md","6f2302555114f7e50710c27ced1b207c9c090a3aad746605d18ce63bc3d48995"
"md","step-01-validate","tea","tea/workflows/testarch/bmad-testarch-trace/steps-v/step-01-validate.md","524da070ddab395b85a5ccc1b593187fae183c434b9b9eb132459f78b9440bb3"
"md","step-01b-continue","tea","tea/workflows/testarch/bmad-teach-me-testing/steps-c/step-01b-continue.md","1439cc4616a5c4466190f342253a20aa6178f8bdb8bb50c8195185ca35f8ea07"
"md","step-01b-resume","tea","tea/workflows/testarch/bmad-testarch-atdd/steps-c/step-01b-resume.md","45f951a8606c4de5ff2d0a7e809c12e50483a3a9e347eda3ed485c79b986ac5f"
"md","step-01b-resume","tea","tea/workflows/testarch/bmad-testarch-automate/steps-c/step-01b-resume.md","60153862c91240326628d85284357dbd7688636b43c5a04c00a96926aeb71d3b"
"md","step-01b-resume","tea","tea/workflows/testarch/bmad-testarch-ci/steps-c/step-01b-resume.md","b1e63561bfc0808481e6c408c94d4c1fcf12e0b204c8a9d9d0974040ab65d02d"
"md","step-01b-resume","tea","tea/workflows/testarch/bmad-testarch-framework/steps-c/step-01b-resume.md","c9e5bffd9fa15d28089442b960e3fb6c72a2f04c6cae911378d7362af9b77296"
"md","step-01b-resume","tea","tea/workflows/testarch/bmad-testarch-nfr/steps-c/step-01b-resume.md","15dca197639b5fcdcec04295cac1352ff0fb576643614b96d502e1a4f676fd34"
"md","step-01b-resume","tea","tea/workflows/testarch/bmad-testarch-test-design/steps-c/step-01b-resume.md","554062608abf595461350ba95e174cbbd6a497a0ec11641345ffca6da500059f"
"md","step-01b-resume","tea","tea/workflows/testarch/bmad-testarch-test-review/steps-c/step-01b-resume.md","eea2c5d20b738ee20d182632ba60eda3af524421f5eeded7a06ad9adb5dff44c"
"md","step-01b-resume","tea","tea/workflows/testarch/bmad-testarch-trace/steps-c/step-01b-resume.md","8acc6fe769e7b99daa1f4c446ec3130bae804d969b4b1166f6d8b4220bcf7b08"
"md","step-02-apply-edit","tea","tea/workflows/testarch/bmad-testarch-atdd/steps-e/step-02-apply-edit.md","2b86b38864239b067cdb63a7d1071c6f04279b58ace2c4e4bd38feb73cd0f2ce"
"md","step-02-apply-edit","tea","tea/workflows/testarch/bmad-testarch-automate/steps-e/step-02-apply-edit.md","2b86b38864239b067cdb63a7d1071c6f04279b58ace2c4e4bd38feb73cd0f2ce"
"md","step-02-apply-edit","tea","tea/workflows/testarch/bmad-testarch-ci/steps-e/step-02-apply-edit.md","2b86b38864239b067cdb63a7d1071c6f04279b58ace2c4e4bd38feb73cd0f2ce"
"md","step-02-apply-edit","tea","tea/workflows/testarch/bmad-testarch-framework/steps-e/step-02-apply-edit.md","2b86b38864239b067cdb63a7d1071c6f04279b58ace2c4e4bd38feb73cd0f2ce"
"md","step-02-apply-edit","tea","tea/workflows/testarch/bmad-testarch-nfr/steps-e/step-02-apply-edit.md","2b86b38864239b067cdb63a7d1071c6f04279b58ace2c4e4bd38feb73cd0f2ce"
"md","step-02-apply-edit","tea","tea/workflows/testarch/bmad-testarch-test-design/steps-e/step-02-apply-edit.md","2b86b38864239b067cdb63a7d1071c6f04279b58ace2c4e4bd38feb73cd0f2ce"
"md","step-02-apply-edit","tea","tea/workflows/testarch/bmad-testarch-test-review/steps-e/step-02-apply-edit.md","2b86b38864239b067cdb63a7d1071c6f04279b58ace2c4e4bd38feb73cd0f2ce"
"md","step-02-apply-edit","tea","tea/workflows/testarch/bmad-testarch-trace/steps-e/step-02-apply-edit.md","2b86b38864239b067cdb63a7d1071c6f04279b58ace2c4e4bd38feb73cd0f2ce"
"md","step-02-assess","tea","tea/workflows/testarch/bmad-teach-me-testing/steps-c/step-02-assess.md","6a40830751d93b7262e8042d6d88cff7e38464f39e88775137e4d3ed913d7fd3"
"md","step-02-define-thresholds","tea","tea/workflows/testarch/bmad-testarch-nfr/steps-c/step-02-define-thresholds.md","be4810fc0c5ffaa3ff9125585691f3b792e3a92405c661c8b049ff2bf2b9476c"
"md","step-02-discover-tests","tea","tea/workflows/testarch/bmad-testarch-test-review/steps-c/step-02-discover-tests.md","997ef2e13d1f09bd6651728c63d76ed0dc056a15d9ba6f9f1171005239aba7bd"
"md","step-02-discover-tests","tea","tea/workflows/testarch/bmad-testarch-trace/steps-c/step-02-discover-tests.md","c98c80d70b409c03b9010908cd9a5825eef9839d259342687f7c83145d1b4f61"
"md","step-02-generate-pipeline","tea","tea/workflows/testarch/bmad-testarch-ci/steps-c/step-02-generate-pipeline.md","701ef5297e21b3abe11d2f3db08285aabec8ed91ffdedc849a54fd9ee0219f76"
"md","step-02-generation-mode","tea","tea/workflows/testarch/bmad-testarch-atdd/steps-c/step-02-generation-mode.md","0edcf6694ef40be0a2bd3f39766399fb52b29fadd51ef77a3c1d3dfa96f4a4e1"
"md","step-02-identify-targets","tea","tea/workflows/testarch/bmad-testarch-automate/steps-c/step-02-identify-targets.md","bdd7245437bbc3d83f5aed42428722e9a4b8c9dab668ef24afc01598d58ce7ee"
"md","step-02-load-context","tea","tea/workflows/testarch/bmad-testarch-test-design/steps-c/step-02-load-context.md","fbfd94c5568f9ac3d73994451bafb12b5b4407c6f8e9513d34460797c47a7c2f"
"md","step-02-select-framework","tea","tea/workflows/testarch/bmad-testarch-framework/steps-c/step-02-select-framework.md","b3cea6e3630cccb7809a36d2b29a441358c975f75314b2cc5c7941558be60e8c"
"md","step-03-configure-quality-gates","tea","tea/workflows/testarch/bmad-testarch-ci/steps-c/step-03-configure-quality-gates.md","37ee5c3184115df281d0e65b06a524a3ac9a58c2d66a08e0528728711c8306f7"
"md","step-03-gather-evidence","tea","tea/workflows/testarch/bmad-testarch-nfr/steps-c/step-03-gather-evidence.md","9dac449d15c713857ff2f563f78bfda020e2150f0b3d205dbac979ec5dcbef90"
"md","step-03-generate-tests","tea","tea/workflows/testarch/bmad-testarch-automate/steps-c/step-03-generate-tests.md","28e9c7335170aafe7f358f919de7dee2e011df6ddb68883ddc6c9faf049149e5"
"md","step-03-map-criteria","tea","tea/workflows/testarch/bmad-testarch-trace/steps-c/step-03-map-criteria.md","183ddc14f3bcd3eac19db022a7e334028045bb82ce6cd835d61aaa2678cf5f79"
"md","step-03-quality-evaluation","tea","tea/workflows/testarch/bmad-testarch-test-review/steps-c/step-03-quality-evaluation.md","f722caa1c5ab06eeb0474db745029219bb582a5f8c67f88d099ed292bc22ccf6"
"md","step-03-risk-and-testability","tea","tea/workflows/testarch/bmad-testarch-test-design/steps-c/step-03-risk-and-testability.md","16a496bc557106cfb3f300b429e91da998a5e3d3483472d60e382aefa71947b7"
"md","step-03-scaffold-framework","tea","tea/workflows/testarch/bmad-testarch-framework/steps-c/step-03-scaffold-framework.md","53cbf871a6f87708dc7792787c1c82f393b227c28cdebd11fe149e8510b64d7c"
"md","step-03-session-menu","tea","tea/workflows/testarch/bmad-teach-me-testing/steps-c/step-03-session-menu.md","683a2d110f1787f90a660f493e8a1b487afb0a1ed647408b02fb36e803098c44"
"md","step-03-test-strategy","tea","tea/workflows/testarch/bmad-testarch-atdd/steps-c/step-03-test-strategy.md","e5301713d80b141bbf789d47f7488d5d08e89b596d90fe3b483590e4545c1cd3"
"md","step-03a-subagent-api","tea","tea/workflows/testarch/bmad-testarch-automate/steps-c/step-03a-subagent-api.md","2b1587f7c95c156e78aa02292a0b9e9cf0c54b1288840952277ce3b90579ea29"
"md","step-03a-subagent-determinism","tea","tea/workflows/testarch/bmad-testarch-test-review/steps-c/step-03a-subagent-determinism.md","7cdf0166dfbc7ace6c819a2bf4738ae75805fd02ea91abaaa656153e0ff6d24f"
"md","step-03b-subagent-backend","tea","tea/workflows/testarch/bmad-testarch-automate/steps-c/step-03b-subagent-backend.md","467714d0a7a917fbc208afbcf70bcd2b7dd4db452e05f2c2c37a5b2e41ffe36c"
"md","step-03b-subagent-e2e","tea","tea/workflows/testarch/bmad-testarch-automate/steps-c/step-03b-subagent-e2e.md","3ef39eb7afbe4fbdcd6fe0f1f5c308ffe0fc1faaad7c20f4afba63f8143789a7"
"md","step-03b-subagent-isolation","tea","tea/workflows/testarch/bmad-testarch-test-review/steps-c/step-03b-subagent-isolation.md","67326e3f4a8f9649e02be6c96dabedbd189c4018529d05db83127c17043e68e7"
"md","step-03c-aggregate","tea","tea/workflows/testarch/bmad-testarch-automate/steps-c/step-03c-aggregate.md","466e5a950e2a74865b7d79fbe90b7ec2963debfa000238b0bc5310aaa9351994"
"md","step-03c-subagent-maintainability","tea","tea/workflows/testarch/bmad-testarch-test-review/steps-c/step-03c-subagent-maintainability.md","40608ac2fd47e712160ce44924c9e318842d82aeaec155583aa95723716dc0ba"
"md","step-03e-subagent-performance","tea","tea/workflows/testarch/bmad-testarch-test-review/steps-c/step-03e-subagent-performance.md","94dcbe45080218fe07e6c2d7452e4223c9bcb774e107ac84b0332bfca996c915"
"md","step-03f-aggregate-scores","tea","tea/workflows/testarch/bmad-testarch-test-review/steps-c/step-03f-aggregate-scores.md","2b9ade49937bc0f2099fa69eac73209d262f0804e4d848182b0442ef66119541"
"md","step-04-analyze-gaps","tea","tea/workflows/testarch/bmad-testarch-trace/steps-c/step-04-analyze-gaps.md","150d699da661a4a308a792cddc1d78fd26f6dcc0430977ffcd7a88dd3670bdbf"
"md","step-04-coverage-plan","tea","tea/workflows/testarch/bmad-testarch-test-design/steps-c/step-04-coverage-plan.md","6c05bfecbd55abac59fc3a715de695ca8b07716204db132f335d36de9ff4bc57"
"md","step-04-docs-and-scripts","tea","tea/workflows/testarch/bmad-testarch-framework/steps-c/step-04-docs-and-scripts.md","740a11be18fbda734e3264c8566956d24e28c38b0ba2b007f4a16785c818430a"
"md","step-04-evaluate-and-score","tea","tea/workflows/testarch/bmad-testarch-nfr/steps-c/step-04-evaluate-and-score.md","55afd8630f4213db3312ad3ce5cc5c4635f8da2b2ee200df61d83832b4ce5495"
"md","step-04-generate-report","tea","tea/workflows/testarch/bmad-testarch-test-review/steps-c/step-04-generate-report.md","81f28a104ebcce84289591a91d2705ec8bd2fe40bad088b4941980d0053d8c98"
"md","step-04-generate-tests","tea","tea/workflows/testarch/bmad-testarch-atdd/steps-c/step-04-generate-tests.md","556f2d1fcc34624597ce59835aee034c99c8dbbc45e6c53587862a524260d219"
"md","step-04-session-01","tea","tea/workflows/testarch/bmad-teach-me-testing/steps-c/step-04-session-01.md","69f723b751d7dd3a5679768d0f331f0b666c503e7171de87adc0973070877c28"
"md","step-04-session-02","tea","tea/workflows/testarch/bmad-teach-me-testing/steps-c/step-04-session-02.md","227e62cf1686a9f01c22e39e1053ec188eceb581c7367df1725d959f0d6f5e11"
"md","step-04-session-03","tea","tea/workflows/testarch/bmad-teach-me-testing/steps-c/step-04-session-03.md","9c62152a4fb83c2e7ec1c9769a201453f97a7a402a0293dd5893886e7aea35c0"
"md","step-04-session-04","tea","tea/workflows/testarch/bmad-teach-me-testing/steps-c/step-04-session-04.md","f310e8d747bdb46c759a373cc2158585ebe2a6056ac15d391d929a0511efc8a1"
"md","step-04-session-05","tea","tea/workflows/testarch/bmad-teach-me-testing/steps-c/step-04-session-05.md","9ba50708f76345d3b6be2eb12f5660ba7f03cfee80032c055f6c78cb3c4bfae2"
"md","step-04-session-06","tea","tea/workflows/testarch/bmad-teach-me-testing/steps-c/step-04-session-06.md","08a615ac90822c0b00dcb65f1a503b9d38a31a93121f9c1a468287d69b7c34fe"
"md","step-04-session-07","tea","tea/workflows/testarch/bmad-teach-me-testing/steps-c/step-04-session-07.md","23e6bb07e7d59e9b69c8969bbccaecb3494ef48e2bea99fcc4f6962cd6278b2e"
"md","step-04-validate-and-summarize","tea","tea/workflows/testarch/bmad-testarch-automate/steps-c/step-04-validate-and-summarize.md","f0626e3274bbdd2e5cee74bceaab16a6aeb8d8fac84e8a518079ac2a26fec428"
"md","step-04-validate-and-summary","tea","tea/workflows/testarch/bmad-testarch-ci/steps-c/step-04-validate-and-summary.md","89588c56407e5bce390cf6197605f43a86e6b767e0a249c10be4df15fec4c646"
"md","step-04a-subagent-api-failing","tea","tea/workflows/testarch/bmad-testarch-atdd/steps-c/step-04a-subagent-api-failing.md","755c83b6803025ec17678b0c64c9aaf293d0e5926b04f23b1aea9ca98a748f53"
"md","step-04a-subagent-security","tea","tea/workflows/testarch/bmad-testarch-nfr/steps-c/step-04a-subagent-security.md","fb1091af23e966d9f73233f8797642c24f3a563feeacae102e83056a9b5719f7"
"md","step-04b-subagent-e2e-failing","tea","tea/workflows/testarch/bmad-testarch-atdd/steps-c/step-04b-subagent-e2e-failing.md","6ab05d407ffb9d6e30543270097ede75a5ab2030a598dc610ce4d8fe88ee0d7f"
"md","step-04b-subagent-performance","tea","tea/workflows/testarch/bmad-testarch-nfr/steps-c/step-04b-subagent-performance.md","c635ac8e31a2f5af9ee2fa1c64dd285a12d2d50f0ea885f02f3579d762f81131"
"md","step-04c-aggregate","tea","tea/workflows/testarch/bmad-testarch-atdd/steps-c/step-04c-aggregate.md","f261c0c83c96527c3dc448e18b9cbd8eb8afea03d72389c450b4b41bc7863b69"
"md","step-04c-subagent-reliability","tea","tea/workflows/testarch/bmad-testarch-nfr/steps-c/step-04c-subagent-reliability.md","d59f69fa2b5dfcfedfa272b519c271f88946356d9044646c81847d608cb6a21d"
"md","step-04d-subagent-scalability","tea","tea/workflows/testarch/bmad-testarch-nfr/steps-c/step-04d-subagent-scalability.md","a88ee02af3aee368c22522004a0d7d364fc3dc71ac33992375c37fd07b24b43b"
"md","step-04e-aggregate-nfr","tea","tea/workflows/testarch/bmad-testarch-nfr/steps-c/step-04e-aggregate-nfr.md","3e1d9da52e7e6a8c98de0059150cda9c2425d1d186bd35e0076f8dbfff4e5787"
"md","step-05-completion","tea","tea/workflows/testarch/bmad-teach-me-testing/steps-c/step-05-completion.md","4df6d5bf870508b6368c8312685aded6a645139a184e1a16655b646de1cc2f42"
"md","step-05-gate-decision","tea","tea/workflows/testarch/bmad-testarch-trace/steps-c/step-05-gate-decision.md","ff8dfc0b6ac628ff8eb97a9bd3468b5116fec13c337f7ee94d5cbb4dd10d3bba"
"md","step-05-generate-output","tea","tea/workflows/testarch/bmad-testarch-test-design/steps-c/step-05-generate-output.md","053664ff0fc8d6f596951f381769e4ba99833046240897dda918d9bb9b376755"
"md","step-05-generate-report","tea","tea/workflows/testarch/bmad-testarch-nfr/steps-c/step-05-generate-report.md","41d88f235493dcd7001168d0c60176b854474774f9e0369bd6cf8b53d0412f4f"
"md","step-05-validate-and-complete","tea","tea/workflows/testarch/bmad-testarch-atdd/steps-c/step-05-validate-and-complete.md","65178956f59c87ca6d31745c2a98e48e30831f68bd8cefdcd72a4898817db019"
"md","step-05-validate-and-summary","tea","tea/workflows/testarch/bmad-testarch-framework/steps-c/step-05-validate-and-summary.md","bd9f26ac1483115f91c536d55c9177bdb04ae3e25286ee913b36ff7cbcbd9cb5"
"md","step-e-01-assess-workflow","tea","tea/workflows/testarch/bmad-teach-me-testing/steps-e/step-e-01-assess-workflow.md","deaf4f846c77eedc9278e6dd3a587ae911bac468240da237898c2db02ca18a40"
"md","step-e-02-apply-edits","tea","tea/workflows/testarch/bmad-teach-me-testing/steps-e/step-e-02-apply-edits.md","abf7e18a0e6d452fff7aecdbd39197aab9b0a01b8ced1b6e2502178588aa3f28"
"md","step-v-01-validate","tea","tea/workflows/testarch/bmad-teach-me-testing/steps-v/step-v-01-validate.md","ab7c3d04ee058151f3ecc14c51b38fc1a5fc44dcc40c71cf5720a2f9ac1711ad"
"md","test-design-architecture-template","tea","tea/workflows/testarch/bmad-testarch-test-design/test-design-architecture-template.md","2b633e96a182720b389839ffd5ae547322ba0fa1b056920230dbe8defd972899"
"md","test-design-handoff-template","tea","tea/workflows/testarch/bmad-testarch-test-design/test-design-handoff-template.md","ce1dd24dd95244e4a511bef74a3a7cb10e5620a3a137195a31608f81ac7e7b1b"
"md","test-design-qa-template","tea","tea/workflows/testarch/bmad-testarch-test-design/test-design-qa-template.md","60ef0a18fc232d3404550c32d213dd104ce1de4beb6d24bc63846b69ed60b653"
"md","test-design-template","tea","tea/workflows/testarch/bmad-testarch-test-design/test-design-template.md","7ec626497d7a802ca188cf96fc186f047be8ecdf01f8d9d1c52fbda7f0e417b1"
"md","test-healing-patterns","tea","tea/agents/bmad-tea/resources/knowledge/test-healing-patterns.md","b44f7db1ebb1c20ca4ef02d12cae95f692876aee02689605d4b15fe728d28fdf"
"md","test-healing-patterns","tea","tea/workflows/testarch/bmad-testarch-atdd/resources/knowledge/test-healing-patterns.md","b44f7db1ebb1c20ca4ef02d12cae95f692876aee02689605d4b15fe728d28fdf"
"md","test-healing-patterns","tea","tea/workflows/testarch/bmad-testarch-automate/resources/knowledge/test-healing-patterns.md","b44f7db1ebb1c20ca4ef02d12cae95f692876aee02689605d4b15fe728d28fdf"
"md","test-healing-patterns","tea","tea/workflows/testarch/bmad-testarch-ci/resources/knowledge/test-healing-patterns.md","b44f7db1ebb1c20ca4ef02d12cae95f692876aee02689605d4b15fe728d28fdf"
"md","test-healing-patterns","tea","tea/workflows/testarch/bmad-testarch-framework/resources/knowledge/test-healing-patterns.md","b44f7db1ebb1c20ca4ef02d12cae95f692876aee02689605d4b15fe728d28fdf"
"md","test-healing-patterns","tea","tea/workflows/testarch/bmad-testarch-nfr/resources/knowledge/test-healing-patterns.md","b44f7db1ebb1c20ca4ef02d12cae95f692876aee02689605d4b15fe728d28fdf"
"md","test-healing-patterns","tea","tea/workflows/testarch/bmad-testarch-test-design/resources/knowledge/test-healing-patterns.md","b44f7db1ebb1c20ca4ef02d12cae95f692876aee02689605d4b15fe728d28fdf"
"md","test-healing-patterns","tea","tea/workflows/testarch/bmad-testarch-test-review/resources/knowledge/test-healing-patterns.md","b44f7db1ebb1c20ca4ef02d12cae95f692876aee02689605d4b15fe728d28fdf"
"md","test-healing-patterns","tea","tea/workflows/testarch/bmad-testarch-trace/resources/knowledge/test-healing-patterns.md","b44f7db1ebb1c20ca4ef02d12cae95f692876aee02689605d4b15fe728d28fdf"
"md","test-levels-framework","tea","tea/agents/bmad-tea/resources/knowledge/test-levels-framework.md","80bbac7959a47a2e7e7de82613296f906954d571d2d64ece13381c1a0b480237"
"md","test-levels-framework","tea","tea/workflows/testarch/bmad-testarch-atdd/resources/knowledge/test-levels-framework.md","80bbac7959a47a2e7e7de82613296f906954d571d2d64ece13381c1a0b480237"
"md","test-levels-framework","tea","tea/workflows/testarch/bmad-testarch-automate/resources/knowledge/test-levels-framework.md","80bbac7959a47a2e7e7de82613296f906954d571d2d64ece13381c1a0b480237"
"md","test-levels-framework","tea","tea/workflows/testarch/bmad-testarch-ci/resources/knowledge/test-levels-framework.md","80bbac7959a47a2e7e7de82613296f906954d571d2d64ece13381c1a0b480237"
"md","test-levels-framework","tea","tea/workflows/testarch/bmad-testarch-framework/resources/knowledge/test-levels-framework.md","80bbac7959a47a2e7e7de82613296f906954d571d2d64ece13381c1a0b480237"
"md","test-levels-framework","tea","tea/workflows/testarch/bmad-testarch-nfr/resources/knowledge/test-levels-framework.md","80bbac7959a47a2e7e7de82613296f906954d571d2d64ece13381c1a0b480237"
"md","test-levels-framework","tea","tea/workflows/testarch/bmad-testarch-test-design/resources/knowledge/test-levels-framework.md","80bbac7959a47a2e7e7de82613296f906954d571d2d64ece13381c1a0b480237"
"md","test-levels-framework","tea","tea/workflows/testarch/bmad-testarch-test-review/resources/knowledge/test-levels-framework.md","80bbac7959a47a2e7e7de82613296f906954d571d2d64ece13381c1a0b480237"
"md","test-levels-framework","tea","tea/workflows/testarch/bmad-testarch-trace/resources/knowledge/test-levels-framework.md","80bbac7959a47a2e7e7de82613296f906954d571d2d64ece13381c1a0b480237"
"md","test-priorities-matrix","tea","tea/agents/bmad-tea/resources/knowledge/test-priorities-matrix.md","321c3b708cc19892884be0166afa2a7197028e5474acaf7bc65c17ac861964a5"
"md","test-priorities-matrix","tea","tea/workflows/testarch/bmad-testarch-atdd/resources/knowledge/test-priorities-matrix.md","321c3b708cc19892884be0166afa2a7197028e5474acaf7bc65c17ac861964a5"
"md","test-priorities-matrix","tea","tea/workflows/testarch/bmad-testarch-automate/resources/knowledge/test-priorities-matrix.md","321c3b708cc19892884be0166afa2a7197028e5474acaf7bc65c17ac861964a5"
"md","test-priorities-matrix","tea","tea/workflows/testarch/bmad-testarch-ci/resources/knowledge/test-priorities-matrix.md","321c3b708cc19892884be0166afa2a7197028e5474acaf7bc65c17ac861964a5"
"md","test-priorities-matrix","tea","tea/workflows/testarch/bmad-testarch-framework/resources/knowledge/test-priorities-matrix.md","321c3b708cc19892884be0166afa2a7197028e5474acaf7bc65c17ac861964a5"
"md","test-priorities-matrix","tea","tea/workflows/testarch/bmad-testarch-nfr/resources/knowledge/test-priorities-matrix.md","321c3b708cc19892884be0166afa2a7197028e5474acaf7bc65c17ac861964a5"
"md","test-priorities-matrix","tea","tea/workflows/testarch/bmad-testarch-test-design/resources/knowledge/test-priorities-matrix.md","321c3b708cc19892884be0166afa2a7197028e5474acaf7bc65c17ac861964a5"
"md","test-priorities-matrix","tea","tea/workflows/testarch/bmad-testarch-test-review/resources/knowledge/test-priorities-matrix.md","321c3b708cc19892884be0166afa2a7197028e5474acaf7bc65c17ac861964a5"
"md","test-priorities-matrix","tea","tea/workflows/testarch/bmad-testarch-trace/resources/knowledge/test-priorities-matrix.md","321c3b708cc19892884be0166afa2a7197028e5474acaf7bc65c17ac861964a5"
"md","test-quality","tea","tea/agents/bmad-tea/resources/knowledge/test-quality.md","19a0623e623d9cb974d92908eb8e38dad849ab78004c30ee0593696c28a9d076"
"md","test-quality","tea","tea/workflows/testarch/bmad-testarch-atdd/resources/knowledge/test-quality.md","97b6db474df0ec7a98a15fd2ae49671bb8e0ddf22963f3c4c47917bb75c05b90"
"md","test-quality","tea","tea/workflows/testarch/bmad-testarch-automate/resources/knowledge/test-quality.md","97b6db474df0ec7a98a15fd2ae49671bb8e0ddf22963f3c4c47917bb75c05b90"
"md","test-quality","tea","tea/workflows/testarch/bmad-testarch-ci/resources/knowledge/test-quality.md","97b6db474df0ec7a98a15fd2ae49671bb8e0ddf22963f3c4c47917bb75c05b90"
"md","test-quality","tea","tea/workflows/testarch/bmad-testarch-framework/resources/knowledge/test-quality.md","97b6db474df0ec7a98a15fd2ae49671bb8e0ddf22963f3c4c47917bb75c05b90"
"md","test-quality","tea","tea/workflows/testarch/bmad-testarch-nfr/resources/knowledge/test-quality.md","97b6db474df0ec7a98a15fd2ae49671bb8e0ddf22963f3c4c47917bb75c05b90"
"md","test-quality","tea","tea/workflows/testarch/bmad-testarch-test-design/resources/knowledge/test-quality.md","97b6db474df0ec7a98a15fd2ae49671bb8e0ddf22963f3c4c47917bb75c05b90"
"md","test-quality","tea","tea/workflows/testarch/bmad-testarch-test-review/resources/knowledge/test-quality.md","97b6db474df0ec7a98a15fd2ae49671bb8e0ddf22963f3c4c47917bb75c05b90"
"md","test-quality","tea","tea/workflows/testarch/bmad-testarch-trace/resources/knowledge/test-quality.md","97b6db474df0ec7a98a15fd2ae49671bb8e0ddf22963f3c4c47917bb75c05b90"
"md","test-review-template","tea","tea/workflows/testarch/bmad-testarch-test-review/test-review-template.md","bfc6a429ff372e21f92b1a78b97bb826d5ca738a82ca46d51cc51a31e6cd5841"
"md","timing-debugging","tea","tea/agents/bmad-tea/resources/knowledge/timing-debugging.md","c4c87539bbd3fd961369bb1d7066135d18c6aad7ecd70256ab5ec3b26a8777d9"
"md","timing-debugging","tea","tea/workflows/testarch/bmad-testarch-atdd/resources/knowledge/timing-debugging.md","c4c87539bbd3fd961369bb1d7066135d18c6aad7ecd70256ab5ec3b26a8777d9"
"md","timing-debugging","tea","tea/workflows/testarch/bmad-testarch-automate/resources/knowledge/timing-debugging.md","c4c87539bbd3fd961369bb1d7066135d18c6aad7ecd70256ab5ec3b26a8777d9"
"md","timing-debugging","tea","tea/workflows/testarch/bmad-testarch-ci/resources/knowledge/timing-debugging.md","c4c87539bbd3fd961369bb1d7066135d18c6aad7ecd70256ab5ec3b26a8777d9"
"md","timing-debugging","tea","tea/workflows/testarch/bmad-testarch-framework/resources/knowledge/timing-debugging.md","c4c87539bbd3fd961369bb1d7066135d18c6aad7ecd70256ab5ec3b26a8777d9"
"md","timing-debugging","tea","tea/workflows/testarch/bmad-testarch-nfr/resources/knowledge/timing-debugging.md","c4c87539bbd3fd961369bb1d7066135d18c6aad7ecd70256ab5ec3b26a8777d9"
"md","timing-debugging","tea","tea/workflows/testarch/bmad-testarch-test-design/resources/knowledge/timing-debugging.md","c4c87539bbd3fd961369bb1d7066135d18c6aad7ecd70256ab5ec3b26a8777d9"
"md","timing-debugging","tea","tea/workflows/testarch/bmad-testarch-test-review/resources/knowledge/timing-debugging.md","c4c87539bbd3fd961369bb1d7066135d18c6aad7ecd70256ab5ec3b26a8777d9"
"md","timing-debugging","tea","tea/workflows/testarch/bmad-testarch-trace/resources/knowledge/timing-debugging.md","c4c87539bbd3fd961369bb1d7066135d18c6aad7ecd70256ab5ec3b26a8777d9"
"md","trace-template","tea","tea/workflows/testarch/bmad-testarch-trace/trace-template.md","73359654f3e6de4084d16c9546e75ab9636b94ba909c7da213b93372030e5d4d"
"md","validation-report-20260127-095021","tea","tea/workflows/testarch/bmad-testarch-atdd/validation-report-20260127-095021.md","39c8d0dcaaa67d648d114d7fc9b087670af8c85377eb6513544645a5b938e7fe"
"md","validation-report-20260127-095021","tea","tea/workflows/testarch/bmad-testarch-automate/validation-report-20260127-095021.md","23b68497a6fb9d93aa7920eb28b5ad36a8f9ab2532a145255ea5878e53592f98"
"md","validation-report-20260127-095021","tea","tea/workflows/testarch/bmad-testarch-ci/validation-report-20260127-095021.md","aad800795280bad317d157a4d83ae14944b39ed4a9e5a9f34b996bc934d24af2"
"md","validation-report-20260127-095021","tea","tea/workflows/testarch/bmad-testarch-framework/validation-report-20260127-095021.md","05e86702f8cd4b1bad25b7b90c30fe266485f9116ad12af1ee50228d4169992b"
"md","validation-report-20260127-095021","tea","tea/workflows/testarch/bmad-testarch-nfr/validation-report-20260127-095021.md","5fc96e42e9b7d32b3252612ee514752346c3e29100b810a28adf996706a61589"
"md","validation-report-20260127-095021","tea","tea/workflows/testarch/bmad-testarch-test-design/validation-report-20260127-095021.md","2294b9b719227b7c083b8aecf4fc0bf6323f6b7686aec0010ba94e38ddea4aba"
"md","validation-report-20260127-095021","tea","tea/workflows/testarch/bmad-testarch-test-review/validation-report-20260127-095021.md","b370ec9724d036e262e950bbeeb244cd414cd4ae49f437d47695b2c07354f6f4"
"md","validation-report-20260127-095021","tea","tea/workflows/testarch/bmad-testarch-trace/validation-report-20260127-095021.md","a4cf09ad228331217530e473507d1a1b791d3a3cbf471007bb799fcbecbb64c7"
"md","validation-report-20260127-102401","tea","tea/workflows/testarch/bmad-testarch-atdd/validation-report-20260127-102401.md","b749c37581244d028897b78aa6470ee0b9e7a78cdc4975bfd8aed1bd3f374370"
"md","validation-report-20260127-102401","tea","tea/workflows/testarch/bmad-testarch-automate/validation-report-20260127-102401.md","3322f92f5dc4d28c07e08a6a20f7cd77c702f7de04ecba9af6975a7463d845b5"
"md","validation-report-20260127-102401","tea","tea/workflows/testarch/bmad-testarch-ci/validation-report-20260127-102401.md","38864f41d588c5b075c5e09539729e1f4101b1def47c794a68bba5a2db23cb7a"
"md","validation-report-20260127-102401","tea","tea/workflows/testarch/bmad-testarch-framework/validation-report-20260127-102401.md","e584a2aaf88cd4d65a37ab03668c523a8e55b830ea957c205acfad149febb1ef"
"md","validation-report-20260127-102401","tea","tea/workflows/testarch/bmad-testarch-nfr/validation-report-20260127-102401.md","39206e32d3ac4c93475e3444ceeac9babb3a2d94588155a944e03cd153f1e9ab"
"md","validation-report-20260127-102401","tea","tea/workflows/testarch/bmad-testarch-test-design/validation-report-20260127-102401.md","7fbef44391edac74342d14f02688176f96a291c30792fdf26721a872c1ba2b6d"
"md","validation-report-20260127-102401","tea","tea/workflows/testarch/bmad-testarch-test-review/validation-report-20260127-102401.md","13c684351c4c4ae274f3ea9827b00d7bab7daf694980f5bfc74c592aa2617f1a"
"md","validation-report-20260127-102401","tea","tea/workflows/testarch/bmad-testarch-trace/validation-report-20260127-102401.md","0774915e82411e21d505e11cf659bc1f3b7b0e252513b1de067b0c7d8c567c37"
"md","visual-debugging","tea","tea/agents/bmad-tea/resources/knowledge/visual-debugging.md","f1a7db59553aee691550e2c62ca15348a2703dea738b76cd38e22cfcfe2bf7c8"
"md","visual-debugging","tea","tea/workflows/testarch/bmad-testarch-atdd/resources/knowledge/visual-debugging.md","f1a7db59553aee691550e2c62ca15348a2703dea738b76cd38e22cfcfe2bf7c8"
"md","visual-debugging","tea","tea/workflows/testarch/bmad-testarch-automate/resources/knowledge/visual-debugging.md","f1a7db59553aee691550e2c62ca15348a2703dea738b76cd38e22cfcfe2bf7c8"
"md","visual-debugging","tea","tea/workflows/testarch/bmad-testarch-ci/resources/knowledge/visual-debugging.md","f1a7db59553aee691550e2c62ca15348a2703dea738b76cd38e22cfcfe2bf7c8"
"md","visual-debugging","tea","tea/workflows/testarch/bmad-testarch-framework/resources/knowledge/visual-debugging.md","f1a7db59553aee691550e2c62ca15348a2703dea738b76cd38e22cfcfe2bf7c8"
"md","visual-debugging","tea","tea/workflows/testarch/bmad-testarch-nfr/resources/knowledge/visual-debugging.md","f1a7db59553aee691550e2c62ca15348a2703dea738b76cd38e22cfcfe2bf7c8"
"md","visual-debugging","tea","tea/workflows/testarch/bmad-testarch-test-design/resources/knowledge/visual-debugging.md","f1a7db59553aee691550e2c62ca15348a2703dea738b76cd38e22cfcfe2bf7c8"
"md","visual-debugging","tea","tea/workflows/testarch/bmad-testarch-test-review/resources/knowledge/visual-debugging.md","f1a7db59553aee691550e2c62ca15348a2703dea738b76cd38e22cfcfe2bf7c8"
"md","visual-debugging","tea","tea/workflows/testarch/bmad-testarch-trace/resources/knowledge/visual-debugging.md","f1a7db59553aee691550e2c62ca15348a2703dea738b76cd38e22cfcfe2bf7c8"
"md","webhook-module-setup","tea","tea/agents/bmad-tea/resources/knowledge/webhook-module-setup.md","87dd6d7eb4dfd45691ccbb876a0bdf0b8a8b8622351be7539b8fb80504068048"
"md","webhook-module-setup","tea","tea/workflows/testarch/bmad-testarch-atdd/resources/knowledge/webhook-module-setup.md","87dd6d7eb4dfd45691ccbb876a0bdf0b8a8b8622351be7539b8fb80504068048"
"md","webhook-module-setup","tea","tea/workflows/testarch/bmad-testarch-automate/resources/knowledge/webhook-module-setup.md","87dd6d7eb4dfd45691ccbb876a0bdf0b8a8b8622351be7539b8fb80504068048"
"md","webhook-module-setup","tea","tea/workflows/testarch/bmad-testarch-ci/resources/knowledge/webhook-module-setup.md","87dd6d7eb4dfd45691ccbb876a0bdf0b8a8b8622351be7539b8fb80504068048"
"md","webhook-module-setup","tea","tea/workflows/testarch/bmad-testarch-framework/resources/knowledge/webhook-module-setup.md","87dd6d7eb4dfd45691ccbb876a0bdf0b8a8b8622351be7539b8fb80504068048"
"md","webhook-module-setup","tea","tea/workflows/testarch/bmad-testarch-nfr/resources/knowledge/webhook-module-setup.md","87dd6d7eb4dfd45691ccbb876a0bdf0b8a8b8622351be7539b8fb80504068048"
"md","webhook-module-setup","tea","tea/workflows/testarch/bmad-testarch-test-design/resources/knowledge/webhook-module-setup.md","87dd6d7eb4dfd45691ccbb876a0bdf0b8a8b8622351be7539b8fb80504068048"
"md","webhook-module-setup","tea","tea/workflows/testarch/bmad-testarch-test-review/resources/knowledge/webhook-module-setup.md","87dd6d7eb4dfd45691ccbb876a0bdf0b8a8b8622351be7539b8fb80504068048"
"md","webhook-module-setup","tea","tea/workflows/testarch/bmad-testarch-trace/resources/knowledge/webhook-module-setup.md","87dd6d7eb4dfd45691ccbb876a0bdf0b8a8b8622351be7539b8fb80504068048"
"md","webhook-providers","tea","tea/agents/bmad-tea/resources/knowledge/webhook-providers.md","a71ba2c09c45541d4d262c4db85fb9b2aeb021bb09779c65454a5ed3bd546c63"
"md","webhook-providers","tea","tea/workflows/testarch/bmad-testarch-atdd/resources/knowledge/webhook-providers.md","a71ba2c09c45541d4d262c4db85fb9b2aeb021bb09779c65454a5ed3bd546c63"
"md","webhook-providers","tea","tea/workflows/testarch/bmad-testarch-automate/resources/knowledge/webhook-providers.md","a71ba2c09c45541d4d262c4db85fb9b2aeb021bb09779c65454a5ed3bd546c63"
"md","webhook-providers","tea","tea/workflows/testarch/bmad-testarch-ci/resources/knowledge/webhook-providers.md","a71ba2c09c45541d4d262c4db85fb9b2aeb021bb09779c65454a5ed3bd546c63"
"md","webhook-providers","tea","tea/workflows/testarch/bmad-testarch-framework/resources/knowledge/webhook-providers.md","a71ba2c09c45541d4d262c4db85fb9b2aeb021bb09779c65454a5ed3bd546c63"
"md","webhook-providers","tea","tea/workflows/testarch/bmad-testarch-nfr/resources/knowledge/webhook-providers.md","a71ba2c09c45541d4d262c4db85fb9b2aeb021bb09779c65454a5ed3bd546c63"
"md","webhook-providers","tea","tea/workflows/testarch/bmad-testarch-test-design/resources/knowledge/webhook-providers.md","a71ba2c09c45541d4d262c4db85fb9b2aeb021bb09779c65454a5ed3bd546c63"
"md","webhook-providers","tea","tea/workflows/testarch/bmad-testarch-test-review/resources/knowledge/webhook-providers.md","a71ba2c09c45541d4d262c4db85fb9b2aeb021bb09779c65454a5ed3bd546c63"
"md","webhook-providers","tea","tea/workflows/testarch/bmad-testarch-trace/resources/knowledge/webhook-providers.md","a71ba2c09c45541d4d262c4db85fb9b2aeb021bb09779c65454a5ed3bd546c63"
"md","webhook-risk-guidance","tea","tea/agents/bmad-tea/resources/knowledge/webhook-risk-guidance.md","8bd40218b2427c18212afa3f5bbc8ce251f4385ca2ae2ac62e6a907fa342200e"
"md","webhook-risk-guidance","tea","tea/workflows/testarch/bmad-testarch-atdd/resources/knowledge/webhook-risk-guidance.md","8bd40218b2427c18212afa3f5bbc8ce251f4385ca2ae2ac62e6a907fa342200e"
"md","webhook-risk-guidance","tea","tea/workflows/testarch/bmad-testarch-automate/resources/knowledge/webhook-risk-guidance.md","8bd40218b2427c18212afa3f5bbc8ce251f4385ca2ae2ac62e6a907fa342200e"
"md","webhook-risk-guidance","tea","tea/workflows/testarch/bmad-testarch-ci/resources/knowledge/webhook-risk-guidance.md","8bd40218b2427c18212afa3f5bbc8ce251f4385ca2ae2ac62e6a907fa342200e"
"md","webhook-risk-guidance","tea","tea/workflows/testarch/bmad-testarch-framework/resources/knowledge/webhook-risk-guidance.md","8bd40218b2427c18212afa3f5bbc8ce251f4385ca2ae2ac62e6a907fa342200e"
"md","webhook-risk-guidance","tea","tea/workflows/testarch/bmad-testarch-nfr/resources/knowledge/webhook-risk-guidance.md","8bd40218b2427c18212afa3f5bbc8ce251f4385ca2ae2ac62e6a907fa342200e"
"md","webhook-risk-guidance","tea","tea/workflows/testarch/bmad-testarch-test-design/resources/knowledge/webhook-risk-guidance.md","8bd40218b2427c18212afa3f5bbc8ce251f4385ca2ae2ac62e6a907fa342200e"
"md","webhook-risk-guidance","tea","tea/workflows/testarch/bmad-testarch-test-review/resources/knowledge/webhook-risk-guidance.md","8bd40218b2427c18212afa3f5bbc8ce251f4385ca2ae2ac62e6a907fa342200e"
"md","webhook-risk-guidance","tea","tea/workflows/testarch/bmad-testarch-trace/resources/knowledge/webhook-risk-guidance.md","8bd40218b2427c18212afa3f5bbc8ce251f4385ca2ae2ac62e6a907fa342200e"
"md","webhook-template-matchers","tea","tea/agents/bmad-tea/resources/knowledge/webhook-template-matchers.md","abf92e617b194199439c60fafe68cb0481b48e9ef09f69c01c8a424429a6009f"
"md","webhook-template-matchers","tea","tea/workflows/testarch/bmad-testarch-atdd/resources/knowledge/webhook-template-matchers.md","abf92e617b194199439c60fafe68cb0481b48e9ef09f69c01c8a424429a6009f"
"md","webhook-template-matchers","tea","tea/workflows/testarch/bmad-testarch-automate/resources/knowledge/webhook-template-matchers.md","abf92e617b194199439c60fafe68cb0481b48e9ef09f69c01c8a424429a6009f"
"md","webhook-template-matchers","tea","tea/workflows/testarch/bmad-testarch-ci/resources/knowledge/webhook-template-matchers.md","abf92e617b194199439c60fafe68cb0481b48e9ef09f69c01c8a424429a6009f"
"md","webhook-template-matchers","tea","tea/workflows/testarch/bmad-testarch-framework/resources/knowledge/webhook-template-matchers.md","abf92e617b194199439c60fafe68cb0481b48e9ef09f69c01c8a424429a6009f"
"md","webhook-template-matchers","tea","tea/workflows/testarch/bmad-testarch-nfr/resources/knowledge/webhook-template-matchers.md","abf92e617b194199439c60fafe68cb0481b48e9ef09f69c01c8a424429a6009f"
"md","webhook-template-matchers","tea","tea/workflows/testarch/bmad-testarch-test-design/resources/knowledge/webhook-template-matchers.md","abf92e617b194199439c60fafe68cb0481b48e9ef09f69c01c8a424429a6009f"
"md","webhook-template-matchers","tea","tea/workflows/testarch/bmad-testarch-test-review/resources/knowledge/webhook-template-matchers.md","abf92e617b194199439c60fafe68cb0481b48e9ef09f69c01c8a424429a6009f"
"md","webhook-template-matchers","tea","tea/workflows/testarch/bmad-testarch-trace/resources/knowledge/webhook-template-matchers.md","abf92e617b194199439c60fafe68cb0481b48e9ef09f69c01c8a424429a6009f"
"md","webhook-testing-fundamentals","tea","tea/agents/bmad-tea/resources/knowledge/webhook-testing-fundamentals.md","cc1778b9aa95cb6fe00cfbb2115a2238636f71513cf159b7c02cbb3e091541c3"
"md","webhook-testing-fundamentals","tea","tea/workflows/testarch/bmad-testarch-atdd/resources/knowledge/webhook-testing-fundamentals.md","cc1778b9aa95cb6fe00cfbb2115a2238636f71513cf159b7c02cbb3e091541c3"
"md","webhook-testing-fundamentals","tea","tea/workflows/testarch/bmad-testarch-automate/resources/knowledge/webhook-testing-fundamentals.md","cc1778b9aa95cb6fe00cfbb2115a2238636f71513cf159b7c02cbb3e091541c3"
"md","webhook-testing-fundamentals","tea","tea/workflows/testarch/bmad-testarch-ci/resources/knowledge/webhook-testing-fundamentals.md","cc1778b9aa95cb6fe00cfbb2115a2238636f71513cf159b7c02cbb3e091541c3"
"md","webhook-testing-fundamentals","tea","tea/workflows/testarch/bmad-testarch-framework/resources/knowledge/webhook-testing-fundamentals.md","cc1778b9aa95cb6fe00cfbb2115a2238636f71513cf159b7c02cbb3e091541c3"
"md","webhook-testing-fundamentals","tea","tea/workflows/testarch/bmad-testarch-nfr/resources/knowledge/webhook-testing-fundamentals.md","cc1778b9aa95cb6fe00cfbb2115a2238636f71513cf159b7c02cbb3e091541c3"
"md","webhook-testing-fundamentals","tea","tea/workflows/testarch/bmad-testarch-test-design/resources/knowledge/webhook-testing-fundamentals.md","cc1778b9aa95cb6fe00cfbb2115a2238636f71513cf159b7c02cbb3e091541c3"
"md","webhook-testing-fundamentals","tea","tea/workflows/testarch/bmad-testarch-test-review/resources/knowledge/webhook-testing-fundamentals.md","cc1778b9aa95cb6fe00cfbb2115a2238636f71513cf159b7c02cbb3e091541c3"
"md","webhook-testing-fundamentals","tea","tea/workflows/testarch/bmad-testarch-trace/resources/knowledge/webhook-testing-fundamentals.md","cc1778b9aa95cb6fe00cfbb2115a2238636f71513cf159b7c02cbb3e091541c3"
"md","webhook-timeout-error","tea","tea/agents/bmad-tea/resources/knowledge/webhook-timeout-error.md","21500487fccc694ac1194dd144e13f6fd9f2585f65b32202f0b3d7b1cdc3b607"
"md","webhook-timeout-error","tea","tea/workflows/testarch/bmad-testarch-atdd/resources/knowledge/webhook-timeout-error.md","21500487fccc694ac1194dd144e13f6fd9f2585f65b32202f0b3d7b1cdc3b607"
"md","webhook-timeout-error","tea","tea/workflows/testarch/bmad-testarch-automate/resources/knowledge/webhook-timeout-error.md","21500487fccc694ac1194dd144e13f6fd9f2585f65b32202f0b3d7b1cdc3b607"
"md","webhook-timeout-error","tea","tea/workflows/testarch/bmad-testarch-ci/resources/knowledge/webhook-timeout-error.md","21500487fccc694ac1194dd144e13f6fd9f2585f65b32202f0b3d7b1cdc3b607"
"md","webhook-timeout-error","tea","tea/workflows/testarch/bmad-testarch-framework/resources/knowledge/webhook-timeout-error.md","21500487fccc694ac1194dd144e13f6fd9f2585f65b32202f0b3d7b1cdc3b607"
"md","webhook-timeout-error","tea","tea/workflows/testarch/bmad-testarch-nfr/resources/knowledge/webhook-timeout-error.md","21500487fccc694ac1194dd144e13f6fd9f2585f65b32202f0b3d7b1cdc3b607"
"md","webhook-timeout-error","tea","tea/workflows/testarch/bmad-testarch-test-design/resources/knowledge/webhook-timeout-error.md","21500487fccc694ac1194dd144e13f6fd9f2585f65b32202f0b3d7b1cdc3b607"
"md","webhook-timeout-error","tea","tea/workflows/testarch/bmad-testarch-test-review/resources/knowledge/webhook-timeout-error.md","21500487fccc694ac1194dd144e13f6fd9f2585f65b32202f0b3d7b1cdc3b607"
"md","webhook-timeout-error","tea","tea/workflows/testarch/bmad-testarch-trace/resources/knowledge/webhook-timeout-error.md","21500487fccc694ac1194dd144e13f6fd9f2585f65b32202f0b3d7b1cdc3b607"
"md","webhook-waiting-querying","tea","tea/agents/bmad-tea/resources/knowledge/webhook-waiting-querying.md","d914f3cfa9b3cfbd94fd0d3d057a7b578764cf37cdfc1b29278e03c88c3b06c5"
"md","webhook-waiting-querying","tea","tea/workflows/testarch/bmad-testarch-atdd/resources/knowledge/webhook-waiting-querying.md","d914f3cfa9b3cfbd94fd0d3d057a7b578764cf37cdfc1b29278e03c88c3b06c5"
"md","webhook-waiting-querying","tea","tea/workflows/testarch/bmad-testarch-automate/resources/knowledge/webhook-waiting-querying.md","d914f3cfa9b3cfbd94fd0d3d057a7b578764cf37cdfc1b29278e03c88c3b06c5"
"md","webhook-waiting-querying","tea","tea/workflows/testarch/bmad-testarch-ci/resources/knowledge/webhook-waiting-querying.md","d914f3cfa9b3cfbd94fd0d3d057a7b578764cf37cdfc1b29278e03c88c3b06c5"
"md","webhook-waiting-querying","tea","tea/workflows/testarch/bmad-testarch-framework/resources/knowledge/webhook-waiting-querying.md","d914f3cfa9b3cfbd94fd0d3d057a7b578764cf37cdfc1b29278e03c88c3b06c5"
"md","webhook-waiting-querying","tea","tea/workflows/testarch/bmad-testarch-nfr/resources/knowledge/webhook-waiting-querying.md","d914f3cfa9b3cfbd94fd0d3d057a7b578764cf37cdfc1b29278e03c88c3b06c5"
"md","webhook-waiting-querying","tea","tea/workflows/testarch/bmad-testarch-test-design/resources/knowledge/webhook-waiting-querying.md","d914f3cfa9b3cfbd94fd0d3d057a7b578764cf37cdfc1b29278e03c88c3b06c5"
"md","webhook-waiting-querying","tea","tea/workflows/testarch/bmad-testarch-test-review/resources/knowledge/webhook-waiting-querying.md","d914f3cfa9b3cfbd94fd0d3d057a7b578764cf37cdfc1b29278e03c88c3b06c5"
"md","webhook-waiting-querying","tea","tea/workflows/testarch/bmad-testarch-trace/resources/knowledge/webhook-waiting-querying.md","d914f3cfa9b3cfbd94fd0d3d057a7b578764cf37cdfc1b29278e03c88c3b06c5"
"md","workflow-plan","tea","tea/workflows/testarch/bmad-testarch-atdd/workflow-plan.md","06306d3dfe8940fceb1e8765efe85dd47f44ef9c1286ce528a702361f5f63704"
"md","workflow-plan","tea","tea/workflows/testarch/bmad-testarch-automate/workflow-plan.md","3d3cd40c76dc9f0c2387bef34e9391a9d3a25fe04ea4ebedb6adb72684a3ad06"
"md","workflow-plan","tea","tea/workflows/testarch/bmad-testarch-ci/workflow-plan.md","628dae2fcc680824c0e376feca84ce05b7cd674f0d5efc935964f4e705dddeb3"
"md","workflow-plan","tea","tea/workflows/testarch/bmad-testarch-framework/workflow-plan.md","6e181a5bd34a182f85fc9886bf205f13e89e6325db282f6e0f21cd59f122b7ab"
"md","workflow-plan","tea","tea/workflows/testarch/bmad-testarch-nfr/workflow-plan.md","b06b6bc5203d11580729ad8c86c609bdd7babec441395140b5aa895d877ef731"
"md","workflow-plan","tea","tea/workflows/testarch/bmad-testarch-test-design/workflow-plan.md","e3b7f847205fb9c004b9772af0da7d9ed4c5038cbedd66c388d6a3b640be5a04"
"md","workflow-plan","tea","tea/workflows/testarch/bmad-testarch-test-review/workflow-plan.md","15723c03eee5bfc852cd39b843bf4435dabdf02f59a77bb8a8683c4ab8cb3ed6"
"md","workflow-plan","tea","tea/workflows/testarch/bmad-testarch-trace/workflow-plan.md","dbf177b415c33f41f535d06fc47067bf220104348186dfdb8a0da0a16d396fa9"
"md","workflow-plan-teach-me-testing","tea","tea/workflows/testarch/bmad-teach-me-testing/workflow-plan-teach-me-testing.md","89ab8018e2a0a4238639fd10fecc79af13e28a47df109713e1f81e3dd2e26739"
"toml","customize","tea","tea/agents/bmad-tea/customize.toml","2864b07f57c631473380fb4e7cac49282e7585d191e266088337314c8e2b7937"
"toml","customize","tea","tea/workflows/testarch/bmad-teach-me-testing/customize.toml","7c3a2e013fd0ffbc8d4dc73c250fd983fae2eaf232ecc199a72dbe15045fc666"
"toml","customize","tea","tea/workflows/testarch/bmad-testarch-atdd/customize.toml","288fc010f2d4720ecb80cd74a1835efb8deb6e02907b81f8e67040dedcdc9893"
"toml","customize","tea","tea/workflows/testarch/bmad-testarch-automate/customize.toml","480aa14b35703f4ec55e6a6cba6e595abac1529fa299c14a811eb55f42f1520f"
"toml","customize","tea","tea/workflows/testarch/bmad-testarch-ci/customize.toml","bcb285f67759ac44419178681d2cf67bb91dff1d08d0f46d638c467e520d53f6"
"toml","customize","tea","tea/workflows/testarch/bmad-testarch-framework/customize.toml","4e24c2e529578e713c7f28908e3435633c2afab5b855e7cb5ac55ce0eb2547fa"
"toml","customize","tea","tea/workflows/testarch/bmad-testarch-nfr/customize.toml","41ff5a011d0a55d39b8beefe88d7bfe1a7223d87de70eb164071bb013f418955"
"toml","customize","tea","tea/workflows/testarch/bmad-testarch-test-design/customize.toml","c83a85c3de1ee5ff9acc94b9b8a96c563d9573520ea791c54d35f468568c6695"
"toml","customize","tea","tea/workflows/testarch/bmad-testarch-test-review/customize.toml","a8756d45f2fecc5de278be621d4217a4f06755751ceb73bcdc2f3b9bf376e40d"
"toml","customize","tea","tea/workflows/testarch/bmad-testarch-trace/customize.toml","2a2b7a49e140ac8fdd80c22f877c0f4c35225243f6df6e288a9f566146b4ca74"
"yaml","azure-pipelines-template","tea","tea/workflows/testarch/bmad-testarch-ci/azure-pipelines-template.yaml","e53405833b819cd70b7226ea624236ff2490659985b0512244303dc9676acb34"
"yaml","config","tea","tea/config.yaml","5cc5d63d8c26579c07ebde905467598d56cad7ae23a3ba1cb5d6983c8e83da83"
"yaml","curriculum","tea","tea/workflows/testarch/bmad-teach-me-testing/data/curriculum.yaml","08d70f30f848537a5dcf138128bde0665d203236bab470d87e33791e4b3d3eee"
"yaml","github-actions-template","tea","tea/workflows/testarch/bmad-testarch-ci/github-actions-template.yaml","dbf33e640d9017650b5eed7af28f8914172a0dcfd04552a0342ef61b459b28c2"
"yaml","gitlab-ci-template","tea","tea/workflows/testarch/bmad-testarch-ci/gitlab-ci-template.yaml","af7d7e50802c1f4cbdfdfc20b0cd8a86ba5cec5b9eaedaec29e4c8aec6049ae6"
"yaml","harness-pipeline-template","tea","tea/workflows/testarch/bmad-testarch-ci/harness-pipeline-template.yaml","243aa43a5139a9bca9e5300070e2efeb97c13f0bb94d166f84b035025d5c4f8d"
"yaml","progress-template","tea","tea/workflows/testarch/bmad-teach-me-testing/templates/progress-template.yaml","595fe007e9cecd907f0f695f581ff7c86dde770336be8134782a954d4fb6f48f"
"yaml","quiz-questions","tea","tea/workflows/testarch/bmad-teach-me-testing/data/quiz-questions.yaml","42c5e6c8703e22992cfcbbeb23d871054b15257153010efe53bf44dbc1f27b4f"
"yaml","role-paths","tea","tea/workflows/testarch/bmad-teach-me-testing/data/role-paths.yaml","8cf13b5649736b736accf5f99971c9713cf5c3c3d6f0d749fb42f58b3cbcd04b"
"yaml","session-content-map","tea","tea/workflows/testarch/bmad-teach-me-testing/data/session-content-map.yaml","14a74ad936c4d77f20325d4a2c86cc198577141f569863d968d93eb0c9da881d"
"yaml","tea-resources-index","tea","tea/workflows/testarch/bmad-teach-me-testing/data/tea-resources-index.yaml","a9463b3fa622105c0f1ab21116b25f5f8efa4760fb964347c831744750635294"
"yaml","workflow","tea","tea/workflows/testarch/bmad-testarch-atdd/workflow.yaml","7f0ed54ed25cc51e4ecf3dd0e9298613a679982865473d82b81c117342a51a71"
"yaml","workflow","tea","tea/workflows/testarch/bmad-testarch-automate/workflow.yaml","812166a75f88418ecfba92f43e293ce33476275218a6b874f9d3ab3b3eb34a02"
"yaml","workflow","tea","tea/workflows/testarch/bmad-testarch-ci/workflow.yaml","367f88a326f217428654a1a2b4a7e5c497c498e7031f9e2809ca2766a0a02843"
"yaml","workflow","tea","tea/workflows/testarch/bmad-testarch-framework/workflow.yaml","13f99eb56accb5e8da5f28aabe4041b2a736472f92edd241f3f7ce3294b1f29f"
"yaml","workflow","tea","tea/workflows/testarch/bmad-testarch-nfr/workflow.yaml","e7e2c75f2497f61be338b5d8720992d8676d2e156db4920313f52bf60aa7b803"
"yaml","workflow","tea","tea/workflows/testarch/bmad-testarch-test-design/workflow.yaml","8ad0fb89bbe1f00af80eeeb2ac1bc2e90c6854bc2516f23dcff8e29cb1f81579"
"yaml","workflow","tea","tea/workflows/testarch/bmad-testarch-test-review/workflow.yaml","ba98595534cdbd0a477f358de0f1dc413cbe381830e7dff4d67ace34265a3164"
"yaml","workflow","tea","tea/workflows/testarch/bmad-testarch-trace/workflow.yaml","981c7fc26f0e2a755438c40c1af0f4cce4517294fe3f8371e9b2bfe5ac60fa0f"
